fname,emotion,intensity,statement,rep,actor,category,sex,strat,partition
03-01-01-01-01-01-01.wav,1,1,1,1,1,baseline,m,1_m,train
03-01-01-01-01-02-01.wav,1,1,1,2,1,baseline,m,1_m,train
03-01-01-01-02-01-01.wav,1,1,2,1,1,baseline,m,1_m,test
03-01-01-01-02-02-01.wav,1,1,2,2,1,baseline,m,1_m,val
03-01-02-01-01-01-01.wav,2,1,1,1,1,baseline,m,2_m,train
03-01-02-01-01-02-01.wav,2,1,1,2,1,baseline,m,2_m,train
03-01-02-01-02-01-01.wav,2,1,2,1,1,baseline,m,2_m,val
03-01-02-01-02-02-01.wav,2,1,2,2,1,baseline,m,2_m,train
03-01-02-02-01-01-01.wav,2,2,1,1,1,baseline,m,2_m,train
03-01-02-02-01-02-01.wav,2,2,1,2,1,baseline,m,2_m,train
03-01-02-02-02-01-01.wav,2,2,2,1,1,baseline,m,2_m,train
03-01-02-02-02-02-01.wav,2,2,2,2,1,baseline,m,2_m,train
03-01-03-01-01-01-01.wav,3,1,1,1,1,happy,m,3_m,val
03-01-03-01-01-02-01.wav,3,1,1,2,1,happy,m,3_m,train
03-01-03-01-02-01-01.wav,3,1,2,1,1,happy,m,3_m,train
03-01-03-01-02-02-01.wav,3,1,2,2,1,happy,m,3_m,train
03-01-03-02-01-01-01.wav,3,2,1,1,1,happy,m,3_m,train
03-01-03-02-01-02-01.wav,3,2,1,2,1,happy,m,3_m,val
03-01-03-02-02-01-01.wav,3,2,2,1,1,happy,m,3_m,train
03-01-03-02-02-02-01.wav,3,2,2,2,1,happy,m,3_m,train
03-01-04-01-01-01-01.wav,4,1,1,1,1,sad,m,4_m,test
03-01-04-01-01-02-01.wav,4,1,1,2,1,sad,m,4_m,train
03-01-04-01-02-01-01.wav,4,1,2,1,1,sad,m,4_m,train
03-01-04-01-02-02-01.wav,4,1,2,2,1,sad,m,4_m,test
03-01-04-02-01-01-01.wav,4,2,1,1,1,sad,m,4_m,train
03-01-04-02-01-02-01.wav,4,2,1,2,1,sad,m,4_m,train
03-01-04-02-02-01-01.wav,4,2,2,1,1,sad,m,4_m,val
03-01-04-02-02-02-01.wav,4,2,2,2,1,sad,m,4_m,val
03-01-05-01-01-01-01.wav,5,1,1,1,1,angry,m,5_m,train
03-01-05-01-01-02-01.wav,5,1,1,2,1,angry,m,5_m,train
03-01-05-01-02-01-01.wav,5,1,2,1,1,angry,m,5_m,train
03-01-05-01-02-02-01.wav,5,1,2,2,1,angry,m,5_m,val
03-01-05-02-01-01-01.wav,5,2,1,1,1,angry,m,5_m,val
03-01-05-02-01-02-01.wav,5,2,1,2,1,angry,m,5_m,train
03-01-05-02-02-01-01.wav,5,2,2,1,1,angry,m,5_m,train
03-01-05-02-02-02-01.wav,5,2,2,2,1,angry,m,5_m,train
03-01-06-01-01-01-01.wav,6,1,1,1,1,fearful,m,6_m,train
03-01-06-01-01-02-01.wav,6,1,1,2,1,fearful,m,6_m,train
03-01-06-01-02-01-01.wav,6,1,2,1,1,fearful,m,6_m,train
03-01-06-01-02-02-01.wav,6,1,2,2,1,fearful,m,6_m,train
03-01-06-02-01-01-01.wav,6,2,1,1,1,fearful,m,6_m,train
03-01-06-02-01-02-01.wav,6,2,1,2,1,fearful,m,6_m,train
03-01-06-02-02-01-01.wav,6,2,2,1,1,fearful,m,6_m,train
03-01-06-02-02-02-01.wav,6,2,2,2,1,fearful,m,6_m,test
03-01-07-01-01-01-01.wav,7,1,1,1,1,disgust,m,7_m,train
03-01-07-01-01-02-01.wav,7,1,1,2,1,disgust,m,7_m,train
03-01-07-01-02-01-01.wav,7,1,2,1,1,disgust,m,7_m,val
03-01-07-01-02-02-01.wav,7,1,2,2,1,disgust,m,7_m,train
03-01-07-02-01-01-01.wav,7,2,1,1,1,disgust,m,7_m,test
03-01-07-02-01-02-01.wav,7,2,1,2,1,disgust,m,7_m,train
03-01-07-02-02-01-01.wav,7,2,2,1,1,disgust,m,7_m,train
03-01-07-02-02-02-01.wav,7,2,2,2,1,disgust,m,7_m,train
03-01-08-01-01-01-01.wav,8,1,1,1,1,surprised,m,8_m,test
03-01-08-01-01-02-01.wav,8,1,1,2,1,surprised,m,8_m,test
03-01-08-01-02-01-01.wav,8,1,2,1,1,surprised,m,8_m,train
03-01-08-01-02-02-01.wav,8,1,2,2,1,surprised,m,8_m,val
03-01-08-02-01-01-01.wav,8,2,1,1,1,surprised,m,8_m,train
03-01-08-02-01-02-01.wav,8,2,1,2,1,surprised,m,8_m,test
03-01-08-02-02-01-01.wav,8,2,2,1,1,surprised,m,8_m,val
03-01-08-02-02-02-01.wav,8,2,2,2,1,surprised,m,8_m,train
03-01-01-01-01-01-02.wav,1,1,1,1,2,baseline,f,1_f,train
03-01-01-01-01-02-02.wav,1,1,1,2,2,baseline,f,1_f,val
03-01-01-01-02-01-02.wav,1,1,2,1,2,baseline,f,1_f,train
03-01-01-01-02-02-02.wav,1,1,2,2,2,baseline,f,1_f,train
03-01-02-01-01-01-02.wav,2,1,1,1,2,baseline,f,2_f,test
03-01-02-01-01-02-02.wav,2,1,1,2,2,baseline,f,2_f,train
03-01-02-01-02-01-02.wav,2,1,2,1,2,baseline,f,2_f,train
03-01-02-01-02-02-02.wav,2,1,2,2,2,baseline,f,2_f,test
03-01-02-02-01-01-02.wav,2,2,1,1,2,baseline,f,2_f,train
03-01-02-02-01-02-02.wav,2,2,1,2,2,baseline,f,2_f,train
03-01-02-02-02-01-02.wav,2,2,2,1,2,baseline,f,2_f,val
03-01-02-02-02-02-02.wav,2,2,2,2,2,baseline,f,2_f,train
03-01-03-01-01-01-02.wav,3,1,1,1,2,happy,f,3_f,train
03-01-03-01-01-02-02.wav,3,1,1,2,2,happy,f,3_f,test
03-01-03-01-02-01-02.wav,3,1,2,1,2,happy,f,3_f,train
03-01-03-01-02-02-02.wav,3,1,2,2,2,happy,f,3_f,train
03-01-03-02-01-01-02.wav,3,2,1,1,2,happy,f,3_f,train
03-01-03-02-01-02-02.wav,3,2,1,2,2,happy,f,3_f,val
03-01-03-02-02-01-02.wav,3,2,2,1,2,happy,f,3_f,train
03-01-03-02-02-02-02.wav,3,2,2,2,2,happy,f,3_f,val
03-01-04-01-01-01-02.wav,4,1,1,1,2,sad,f,4_f,train
03-01-04-01-01-02-02.wav,4,1,1,2,2,sad,f,4_f,train
03-01-04-01-02-01-02.wav,4,1,2,1,2,sad,f,4_f,train
03-01-04-01-02-02-02.wav,4,1,2,2,2,sad,f,4_f,train
03-01-04-02-01-01-02.wav,4,2,1,1,2,sad,f,4_f,train
03-01-04-02-01-02-02.wav,4,2,1,2,2,sad,f,4_f,val
03-01-04-02-02-01-02.wav,4,2,2,1,2,sad,f,4_f,train
03-01-04-02-02-02-02.wav,4,2,2,2,2,sad,f,4_f,test
03-01-05-01-01-01-02.wav,5,1,1,1,2,angry,f,5_f,train
03-01-05-01-01-02-02.wav,5,1,1,2,2,angry,f,5_f,val
03-01-05-01-02-01-02.wav,5,1,2,1,2,angry,f,5_f,train
03-01-05-01-02-02-02.wav,5,1,2,2,2,angry,f,5_f,test
03-01-05-02-01-01-02.wav,5,2,1,1,2,angry,f,5_f,train
03-01-05-02-01-02-02.wav,5,2,1,2,2,angry,f,5_f,train
03-01-05-02-02-01-02.wav,5,2,2,1,2,angry,f,5_f,test
03-01-05-02-02-02-02.wav,5,2,2,2,2,angry,f,5_f,train
03-01-06-01-01-01-02.wav,6,1,1,1,2,fearful,f,6_f,train
03-01-06-01-01-02-02.wav,6,1,1,2,2,fearful,f,6_f,test
03-01-06-01-02-01-02.wav,6,1,2,1,2,fearful,f,6_f,val
03-01-06-01-02-02-02.wav,6,1,2,2,2,fearful,f,6_f,train
03-01-06-02-01-01-02.wav,6,2,1,1,2,fearful,f,6_f,train
03-01-06-02-01-02-02.wav,6,2,1,2,2,fearful,f,6_f,train
03-01-06-02-02-01-02.wav,6,2,2,1,2,fearful,f,6_f,train
03-01-06-02-02-02-02.wav,6,2,2,2,2,fearful,f,6_f,train
03-01-07-01-01-01-02.wav,7,1,1,1,2,disgust,f,7_f,train
03-01-07-01-01-02-02.wav,7,1,1,2,2,disgust,f,7_f,train
03-01-07-01-02-01-02.wav,7,1,2,1,2,disgust,f,7_f,train
03-01-07-01-02-02-02.wav,7,1,2,2,2,disgust,f,7_f,val
03-01-07-02-01-01-02.wav,7,2,1,1,2,disgust,f,7_f,train
03-01-07-02-01-02-02.wav,7,2,1,2,2,disgust,f,7_f,test
03-01-07-02-02-01-02.wav,7,2,2,1,2,disgust,f,7_f,test
03-01-07-02-02-02-02.wav,7,2,2,2,2,disgust,f,7_f,train
03-01-08-01-01-01-02.wav,8,1,1,1,2,surprised,f,8_f,train
03-01-08-01-01-02-02.wav,8,1,1,2,2,surprised,f,8_f,train
03-01-08-01-02-01-02.wav,8,1,2,1,2,surprised,f,8_f,val
03-01-08-01-02-02-02.wav,8,1,2,2,2,surprised,f,8_f,train
03-01-08-02-01-01-02.wav,8,2,1,1,2,surprised,f,8_f,test
03-01-08-02-01-02-02.wav,8,2,1,2,2,surprised,f,8_f,train
03-01-08-02-02-01-02.wav,8,2,2,1,2,surprised,f,8_f,train
03-01-08-02-02-02-02.wav,8,2,2,2,2,surprised,f,8_f,train
03-01-01-01-01-01-03.wav,1,1,1,1,3,baseline,m,1_m,val
03-01-01-01-01-02-03.wav,1,1,1,2,3,baseline,m,1_m,train
03-01-01-01-02-01-03.wav,1,1,2,1,3,baseline,m,1_m,train
03-01-01-01-02-02-03.wav,1,1,2,2,3,baseline,m,1_m,train
03-01-02-01-01-01-03.wav,2,1,1,1,3,baseline,m,2_m,train
03-01-02-01-01-02-03.wav,2,1,1,2,3,baseline,m,2_m,train
03-01-02-01-02-01-03.wav,2,1,2,1,3,baseline,m,2_m,val
03-01-02-01-02-02-03.wav,2,1,2,2,3,baseline,m,2_m,val
03-01-02-02-01-01-03.wav,2,2,1,1,3,baseline,m,2_m,train
03-01-02-02-01-02-03.wav,2,2,1,2,3,baseline,m,2_m,val
03-01-02-02-02-01-03.wav,2,2,2,1,3,baseline,m,2_m,train
03-01-02-02-02-02-03.wav,2,2,2,2,3,baseline,m,2_m,test
03-01-03-01-01-01-03.wav,3,1,1,1,3,happy,m,3_m,train
03-01-03-01-01-02-03.wav,3,1,1,2,3,happy,m,3_m,train
03-01-03-01-02-01-03.wav,3,1,2,1,3,happy,m,3_m,train
03-01-03-01-02-02-03.wav,3,1,2,2,3,happy,m,3_m,test
03-01-03-02-01-01-03.wav,3,2,1,1,3,happy,m,3_m,val
03-01-03-02-01-02-03.wav,3,2,1,2,3,happy,m,3_m,test
03-01-03-02-02-01-03.wav,3,2,2,1,3,happy,m,3_m,train
03-01-03-02-02-02-03.wav,3,2,2,2,3,happy,m,3_m,train
03-01-04-01-01-01-03.wav,4,1,1,1,3,sad,m,4_m,train
03-01-04-01-01-02-03.wav,4,1,1,2,3,sad,m,4_m,train
03-01-04-01-02-01-03.wav,4,1,2,1,3,sad,m,4_m,train
03-01-04-01-02-02-03.wav,4,1,2,2,3,sad,m,4_m,train
03-01-04-02-01-01-03.wav,4,2,1,1,3,sad,m,4_m,test
03-01-04-02-01-02-03.wav,4,2,1,2,3,sad,m,4_m,val
03-01-04-02-02-01-03.wav,4,2,2,1,3,sad,m,4_m,train
03-01-04-02-02-02-03.wav,4,2,2,2,3,sad,m,4_m,train
03-01-05-01-01-01-03.wav,5,1,1,1,3,angry,m,5_m,train
03-01-05-01-01-02-03.wav,5,1,1,2,3,angry,m,5_m,train
03-01-05-01-02-01-03.wav,5,1,2,1,3,angry,m,5_m,test
03-01-05-01-02-02-03.wav,5,1,2,2,3,angry,m,5_m,train
03-01-05-02-01-01-03.wav,5,2,1,1,3,angry,m,5_m,train
03-01-05-02-01-02-03.wav,5,2,1,2,3,angry,m,5_m,train
03-01-05-02-02-01-03.wav,5,2,2,1,3,angry,m,5_m,train
03-01-05-02-02-02-03.wav,5,2,2,2,3,angry,m,5_m,train
03-01-06-01-01-01-03.wav,6,1,1,1,3,fearful,m,6_m,train
03-01-06-01-01-02-03.wav,6,1,1,2,3,fearful,m,6_m,val
03-01-06-01-02-01-03.wav,6,1,2,1,3,fearful,m,6_m,train
03-01-06-01-02-02-03.wav,6,1,2,2,3,fearful,m,6_m,test
03-01-06-02-01-01-03.wav,6,2,1,1,3,fearful,m,6_m,val
03-01-06-02-01-02-03.wav,6,2,1,2,3,fearful,m,6_m,train
03-01-06-02-02-01-03.wav,6,2,2,1,3,fearful,m,6_m,train
03-01-06-02-02-02-03.wav,6,2,2,2,3,fearful,m,6_m,train
03-01-07-01-01-01-03.wav,7,1,1,1,3,disgust,m,7_m,train
03-01-07-01-01-02-03.wav,7,1,1,2,3,disgust,m,7_m,test
03-01-07-01-02-01-03.wav,7,1,2,1,3,disgust,m,7_m,train
03-01-07-01-02-02-03.wav,7,1,2,2,3,disgust,m,7_m,train
03-01-07-02-01-01-03.wav,7,2,1,1,3,disgust,m,7_m,train
03-01-07-02-01-02-03.wav,7,2,1,2,3,disgust,m,7_m,train
03-01-07-02-02-01-03.wav,7,2,2,1,3,disgust,m,7_m,train
03-01-07-02-02-02-03.wav,7,2,2,2,3,disgust,m,7_m,train
03-01-08-01-01-01-03.wav,8,1,1,1,3,surprised,m,8_m,train
03-01-08-01-01-02-03.wav,8,1,1,2,3,surprised,m,8_m,train
03-01-08-01-02-01-03.wav,8,1,2,1,3,surprised,m,8_m,train
03-01-08-01-02-02-03.wav,8,1,2,2,3,surprised,m,8_m,test
03-01-08-02-01-01-03.wav,8,2,1,1,3,surprised,m,8_m,val
03-01-08-02-01-02-03.wav,8,2,1,2,3,surprised,m,8_m,train
03-01-08-02-02-01-03.wav,8,2,2,1,3,surprised,m,8_m,val
03-01-08-02-02-02-03.wav,8,2,2,2,3,surprised,m,8_m,train
03-01-01-01-01-01-04.wav,1,1,1,1,4,baseline,f,1_f,test
03-01-01-01-01-02-04.wav,1,1,1,2,4,baseline,f,1_f,train
03-01-01-01-02-01-04.wav,1,1,2,1,4,baseline,f,1_f,val
03-01-01-01-02-02-04.wav,1,1,2,2,4,baseline,f,1_f,train
03-01-02-01-01-01-04.wav,2,1,1,1,4,baseline,f,2_f,train
03-01-02-01-01-02-04.wav,2,1,1,2,4,baseline,f,2_f,train
03-01-02-01-02-01-04.wav,2,1,2,1,4,baseline,f,2_f,train
03-01-02-01-02-02-04.wav,2,1,2,2,4,baseline,f,2_f,train
03-01-02-02-01-01-04.wav,2,2,1,1,4,baseline,f,2_f,train
03-01-02-02-01-02-04.wav,2,2,1,2,4,baseline,f,2_f,test
03-01-02-02-02-01-04.wav,2,2,2,1,4,baseline,f,2_f,train
03-01-02-02-02-02-04.wav,2,2,2,2,4,baseline,f,2_f,test
03-01-03-01-01-01-04.wav,3,1,1,1,4,happy,f,3_f,train
03-01-03-01-01-02-04.wav,3,1,1,2,4,happy,f,3_f,train
03-01-03-01-02-01-04.wav,3,1,2,1,4,happy,f,3_f,train
03-01-03-01-02-02-04.wav,3,1,2,2,4,happy,f,3_f,train
03-01-03-02-01-01-04.wav,3,2,1,1,4,happy,f,3_f,test
03-01-03-02-01-02-04.wav,3,2,1,2,4,happy,f,3_f,train
03-01-03-02-02-01-04.wav,3,2,2,1,4,happy,f,3_f,train
03-01-03-02-02-02-04.wav,3,2,2,2,4,happy,f,3_f,train
03-01-04-01-01-01-04.wav,4,1,1,1,4,sad,f,4_f,train
03-01-04-01-01-02-04.wav,4,1,1,2,4,sad,f,4_f,train
03-01-04-01-02-01-04.wav,4,1,2,1,4,sad,f,4_f,test
03-01-04-01-02-02-04.wav,4,1,2,2,4,sad,f,4_f,train
03-01-04-02-01-01-04.wav,4,2,1,1,4,sad,f,4_f,train
03-01-04-02-01-02-04.wav,4,2,1,2,4,sad,f,4_f,test
03-01-04-02-02-01-04.wav,4,2,2,1,4,sad,f,4_f,train
03-01-04-02-02-02-04.wav,4,2,2,2,4,sad,f,4_f,train
03-01-05-01-01-01-04.wav,5,1,1,1,4,angry,f,5_f,test
03-01-05-01-01-02-04.wav,5,1,1,2,4,angry,f,5_f,val
03-01-05-01-02-01-04.wav,5,1,2,1,4,angry,f,5_f,train
03-01-05-01-02-02-04.wav,5,1,2,2,4,angry,f,5_f,test
03-01-05-02-01-01-04.wav,5,2,1,1,4,angry,f,5_f,train
03-01-05-02-01-02-04.wav,5,2,1,2,4,angry,f,5_f,test
03-01-05-02-02-01-04.wav,5,2,2,1,4,angry,f,5_f,train
03-01-05-02-02-02-04.wav,5,2,2,2,4,angry,f,5_f,train
03-01-06-01-01-01-04.wav,6,1,1,1,4,fearful,f,6_f,train
03-01-06-01-01-02-04.wav,6,1,1,2,4,fearful,f,6_f,train
03-01-06-01-02-01-04.wav,6,1,2,1,4,fearful,f,6_f,test
03-01-06-01-02-02-04.wav,6,1,2,2,4,fearful,f,6_f,test
03-01-06-02-01-01-04.wav,6,2,1,1,4,fearful,f,6_f,train
03-01-06-02-01-02-04.wav,6,2,1,2,4,fearful,f,6_f,train
03-01-06-02-02-01-04.wav,6,2,2,1,4,fearful,f,6_f,val
03-01-06-02-02-02-04.wav,6,2,2,2,4,fearful,f,6_f,val
03-01-07-01-01-01-04.wav,7,1,1,1,4,disgust,f,7_f,test
03-01-07-01-01-02-04.wav,7,1,1,2,4,disgust,f,7_f,train
03-01-07-01-02-01-04.wav,7,1,2,1,4,disgust,f,7_f,val
03-01-07-01-02-02-04.wav,7,1,2,2,4,disgust,f,7_f,train
03-01-07-02-01-01-04.wav,7,2,1,1,4,disgust,f,7_f,train
03-01-07-02-01-02-04.wav,7,2,1,2,4,disgust,f,7_f,train
03-01-07-02-02-01-04.wav,7,2,2,1,4,disgust,f,7_f,test
03-01-07-02-02-02-04.wav,7,2,2,2,4,disgust,f,7_f,train
03-01-08-01-01-01-04.wav,8,1,1,1,4,surprised,f,8_f,test
03-01-08-01-01-02-04.wav,8,1,1,2,4,surprised,f,8_f,test
03-01-08-01-02-01-04.wav,8,1,2,1,4,surprised,f,8_f,train
03-01-08-01-02-02-04.wav,8,1,2,2,4,surprised,f,8_f,train
03-01-08-02-01-01-04.wav,8,2,1,1,4,surprised,f,8_f,train
03-01-08-02-01-02-04.wav,8,2,1,2,4,surprised,f,8_f,train
03-01-08-02-02-01-04.wav,8,2,2,1,4,surprised,f,8_f,test
03-01-08-02-02-02-04.wav,8,2,2,2,4,surprised,f,8_f,train
03-01-01-01-01-01-05.wav,1,1,1,1,5,baseline,m,1_m,val
03-01-01-01-01-02-05.wav,1,1,1,2,5,baseline,m,1_m,train
03-01-01-01-02-01-05.wav,1,1,2,1,5,baseline,m,1_m,train
03-01-01-01-02-02-05.wav,1,1,2,2,5,baseline,m,1_m,train
03-01-02-01-01-01-05.wav,2,1,1,1,5,baseline,m,2_m,test
03-01-02-01-01-02-05.wav,2,1,1,2,5,baseline,m,2_m,train
03-01-02-01-02-01-05.wav,2,1,2,1,5,baseline,m,2_m,test
03-01-02-01-02-02-05.wav,2,1,2,2,5,baseline,m,2_m,val
03-01-02-02-01-01-05.wav,2,2,1,1,5,baseline,m,2_m,train
03-01-02-02-01-02-05.wav,2,2,1,2,5,baseline,m,2_m,train
03-01-02-02-02-01-05.wav,2,2,2,1,5,baseline,m,2_m,train
03-01-02-02-02-02-05.wav,2,2,2,2,5,baseline,m,2_m,train
03-01-03-01-01-01-05.wav,3,1,1,1,5,happy,m,3_m,train
03-01-03-01-01-02-05.wav,3,1,1,2,5,happy,m,3_m,train
03-01-03-01-02-01-05.wav,3,1,2,1,5,happy,m,3_m,train
03-01-03-01-02-02-05.wav,3,1,2,2,5,happy,m,3_m,val
03-01-03-02-01-01-05.wav,3,2,1,1,5,happy,m,3_m,test
03-01-03-02-01-02-05.wav,3,2,1,2,5,happy,m,3_m,train
03-01-03-02-02-01-05.wav,3,2,2,1,5,happy,m,3_m,train
03-01-03-02-02-02-05.wav,3,2,2,2,5,happy,m,3_m,train
03-01-04-01-01-01-05.wav,4,1,1,1,5,sad,m,4_m,train
03-01-04-01-01-02-05.wav,4,1,1,2,5,sad,m,4_m,val
03-01-04-01-02-01-05.wav,4,1,2,1,5,sad,m,4_m,train
03-01-04-01-02-02-05.wav,4,1,2,2,5,sad,m,4_m,val
03-01-04-02-01-01-05.wav,4,2,1,1,5,sad,m,4_m,train
03-01-04-02-01-02-05.wav,4,2,1,2,5,sad,m,4_m,train
03-01-04-02-02-01-05.wav,4,2,2,1,5,sad,m,4_m,test
03-01-04-02-02-02-05.wav,4,2,2,2,5,sad,m,4_m,train
03-01-05-01-01-01-05.wav,5,1,1,1,5,angry,m,5_m,train
03-01-05-01-01-02-05.wav,5,1,1,2,5,angry,m,5_m,train
03-01-05-01-02-01-05.wav,5,1,2,1,5,angry,m,5_m,train
03-01-05-01-02-02-05.wav,5,1,2,2,5,angry,m,5_m,train
03-01-05-02-01-01-05.wav,5,2,1,1,5,angry,m,5_m,train
03-01-05-02-01-02-05.wav,5,2,1,2,5,angry,m,5_m,train
03-01-05-02-02-01-05.wav,5,2,2,1,5,angry,m,5_m,train
03-01-05-02-02-02-05.wav,5,2,2,2,5,angry,m,5_m,test
03-01-06-01-01-01-05.wav,6,1,1,1,5,fearful,m,6_m,test
03-01-06-01-01-02-05.wav,6,1,1,2,5,fearful,m,6_m,val
03-01-06-01-02-01-05.wav,6,1,2,1,5,fearful,m,6_m,test
03-01-06-01-02-02-05.wav,6,1,2,2,5,fearful,m,6_m,train
03-01-06-02-01-01-05.wav,6,2,1,1,5,fearful,m,6_m,train
03-01-06-02-01-02-05.wav,6,2,1,2,5,fearful,m,6_m,train
03-01-06-02-02-01-05.wav,6,2,2,1,5,fearful,m,6_m,train
03-01-06-02-02-02-05.wav,6,2,2,2,5,fearful,m,6_m,train
03-01-07-01-01-01-05.wav,7,1,1,1,5,disgust,m,7_m,val
03-01-07-01-01-02-05.wav,7,1,1,2,5,disgust,m,7_m,train
03-01-07-01-02-01-05.wav,7,1,2,1,5,disgust,m,7_m,train
03-01-07-01-02-02-05.wav,7,1,2,2,5,disgust,m,7_m,train
03-01-07-02-01-01-05.wav,7,2,1,1,5,disgust,m,7_m,train
03-01-07-02-01-02-05.wav,7,2,1,2,5,disgust,m,7_m,test
03-01-07-02-02-01-05.wav,7,2,2,1,5,disgust,m,7_m,train
03-01-07-02-02-02-05.wav,7,2,2,2,5,disgust,m,7_m,train
03-01-08-01-01-01-05.wav,8,1,1,1,5,surprised,m,8_m,train
03-01-08-01-01-02-05.wav,8,1,1,2,5,surprised,m,8_m,train
03-01-08-01-02-01-05.wav,8,1,2,1,5,surprised,m,8_m,train
03-01-08-01-02-02-05.wav,8,1,2,2,5,surprised,m,8_m,train
03-01-08-02-01-01-05.wav,8,2,1,1,5,surprised,m,8_m,train
03-01-08-02-01-02-05.wav,8,2,1,2,5,surprised,m,8_m,train
03-01-08-02-02-01-05.wav,8,2,2,1,5,surprised,m,8_m,train
03-01-08-02-02-02-05.wav,8,2,2,2,5,surprised,m,8_m,test
03-01-01-01-01-01-06.wav,1,1,1,1,6,baseline,f,1_f,train
03-01-01-01-01-02-06.wav,1,1,1,2,6,baseline,f,1_f,train
03-01-01-01-02-01-06.wav,1,1,2,1,6,baseline,f,1_f,train
03-01-01-01-02-02-06.wav,1,1,2,2,6,baseline,f,1_f,train
03-01-02-01-01-01-06.wav,2,1,1,1,6,baseline,f,2_f,train
03-01-02-01-01-02-06.wav,2,1,1,2,6,baseline,f,2_f,train
03-01-02-01-02-01-06.wav,2,1,2,1,6,baseline,f,2_f,train
03-01-02-01-02-02-06.wav,2,1,2,2,6,baseline,f,2_f,train
03-01-02-02-01-01-06.wav,2,2,1,1,6,baseline,f,2_f,test
03-01-02-02-01-02-06.wav,2,2,1,2,6,baseline,f,2_f,val
03-01-02-02-02-01-06.wav,2,2,2,1,6,baseline,f,2_f,val
03-01-02-02-02-02-06.wav,2,2,2,2,6,baseline,f,2_f,test
03-01-03-01-01-01-06.wav,3,1,1,1,6,happy,f,3_f,test
03-01-03-01-01-02-06.wav,3,1,1,2,6,happy,f,3_f,test
03-01-03-01-02-01-06.wav,3,1,2,1,6,happy,f,3_f,train
03-01-03-01-02-02-06.wav,3,1,2,2,6,happy,f,3_f,val
03-01-03-02-01-01-06.wav,3,2,1,1,6,happy,f,3_f,train
03-01-03-02-01-02-06.wav,3,2,1,2,6,happy,f,3_f,train
03-01-03-02-02-01-06.wav,3,2,2,1,6,happy,f,3_f,train
03-01-03-02-02-02-06.wav,3,2,2,2,6,happy,f,3_f,train
03-01-04-01-01-01-06.wav,4,1,1,1,6,sad,f,4_f,val
03-01-04-01-01-02-06.wav,4,1,1,2,6,sad,f,4_f,train
03-01-04-01-02-01-06.wav,4,1,2,1,6,sad,f,4_f,train
03-01-04-01-02-02-06.wav,4,1,2,2,6,sad,f,4_f,test
03-01-04-02-01-01-06.wav,4,2,1,1,6,sad,f,4_f,val
03-01-04-02-01-02-06.wav,4,2,1,2,6,sad,f,4_f,train
03-01-04-02-02-01-06.wav,4,2,2,1,6,sad,f,4_f,train
03-01-04-02-02-02-06.wav,4,2,2,2,6,sad,f,4_f,train
03-01-05-01-01-01-06.wav,5,1,1,1,6,angry,f,5_f,train
03-01-05-01-01-02-06.wav,5,1,1,2,6,angry,f,5_f,train
03-01-05-01-02-01-06.wav,5,1,2,1,6,angry,f,5_f,train
03-01-05-01-02-02-06.wav,5,1,2,2,6,angry,f,5_f,train
03-01-05-02-01-01-06.wav,5,2,1,1,6,angry,f,5_f,train
03-01-05-02-01-02-06.wav,5,2,1,2,6,angry,f,5_f,test
03-01-05-02-02-01-06.wav,5,2,2,1,6,angry,f,5_f,train
03-01-05-02-02-02-06.wav,5,2,2,2,6,angry,f,5_f,train
03-01-06-01-01-01-06.wav,6,1,1,1,6,fearful,f,6_f,test
03-01-06-01-01-02-06.wav,6,1,1,2,6,fearful,f,6_f,val
03-01-06-01-02-01-06.wav,6,1,2,1,6,fearful,f,6_f,train
03-01-06-01-02-02-06.wav,6,1,2,2,6,fearful,f,6_f,train
03-01-06-02-01-01-06.wav,6,2,1,1,6,fearful,f,6_f,train
03-01-06-02-01-02-06.wav,6,2,1,2,6,fearful,f,6_f,train
03-01-06-02-02-01-06.wav,6,2,2,1,6,fearful,f,6_f,train
03-01-06-02-02-02-06.wav,6,2,2,2,6,fearful,f,6_f,val
03-01-07-01-01-01-06.wav,7,1,1,1,6,disgust,f,7_f,train
03-01-07-01-01-02-06.wav,7,1,1,2,6,disgust,f,7_f,test
03-01-07-01-02-01-06.wav,7,1,2,1,6,disgust,f,7_f,train
03-01-07-01-02-02-06.wav,7,1,2,2,6,disgust,f,7_f,train
03-01-07-02-01-01-06.wav,7,2,1,1,6,disgust,f,7_f,train
03-01-07-02-01-02-06.wav,7,2,1,2,6,disgust,f,7_f,val
03-01-07-02-02-01-06.wav,7,2,2,1,6,disgust,f,7_f,train
03-01-07-02-02-02-06.wav,7,2,2,2,6,disgust,f,7_f,train
03-01-08-01-01-01-06.wav,8,1,1,1,6,surprised,f,8_f,train
03-01-08-01-01-02-06.wav,8,1,1,2,6,surprised,f,8_f,val
03-01-08-01-02-01-06.wav,8,1,2,1,6,surprised,f,8_f,val
03-01-08-01-02-02-06.wav,8,1,2,2,6,surprised,f,8_f,val
03-01-08-02-01-01-06.wav,8,2,1,1,6,surprised,f,8_f,train
03-01-08-02-01-02-06.wav,8,2,1,2,6,surprised,f,8_f,train
03-01-08-02-02-01-06.wav,8,2,2,1,6,surprised,f,8_f,train
03-01-08-02-02-02-06.wav,8,2,2,2,6,surprised,f,8_f,train
03-01-01-01-01-01-07.wav,1,1,1,1,7,baseline,m,1_m,val
03-01-01-01-01-02-07.wav,1,1,1,2,7,baseline,m,1_m,train
03-01-01-01-02-01-07.wav,1,1,2,1,7,baseline,m,1_m,train
03-01-01-01-02-02-07.wav,1,1,2,2,7,baseline,m,1_m,train
03-01-02-01-01-01-07.wav,2,1,1,1,7,baseline,m,2_m,val
03-01-02-01-01-02-07.wav,2,1,1,2,7,baseline,m,2_m,train
03-01-02-01-02-01-07.wav,2,1,2,1,7,baseline,m,2_m,train
03-01-02-01-02-02-07.wav,2,1,2,2,7,baseline,m,2_m,test
03-01-02-02-01-01-07.wav,2,2,1,1,7,baseline,m,2_m,train
03-01-02-02-01-02-07.wav,2,2,1,2,7,baseline,m,2_m,train
03-01-02-02-02-01-07.wav,2,2,2,1,7,baseline,m,2_m,train
03-01-02-02-02-02-07.wav,2,2,2,2,7,baseline,m,2_m,train
03-01-03-01-01-01-07.wav,3,1,1,1,7,happy,m,3_m,train
03-01-03-01-01-02-07.wav,3,1,1,2,7,happy,m,3_m,train
03-01-03-01-02-01-07.wav,3,1,2,1,7,happy,m,3_m,test
03-01-03-01-02-02-07.wav,3,1,2,2,7,happy,m,3_m,train
03-01-03-02-01-01-07.wav,3,2,1,1,7,happy,m,3_m,train
03-01-03-02-01-02-07.wav,3,2,1,2,7,happy,m,3_m,train
03-01-03-02-02-01-07.wav,3,2,2,1,7,happy,m,3_m,train
03-01-03-02-02-02-07.wav,3,2,2,2,7,happy,m,3_m,val
03-01-04-01-01-01-07.wav,4,1,1,1,7,sad,m,4_m,train
03-01-04-01-01-02-07.wav,4,1,1,2,7,sad,m,4_m,train
03-01-04-01-02-01-07.wav,4,1,2,1,7,sad,m,4_m,train
03-01-04-01-02-02-07.wav,4,1,2,2,7,sad,m,4_m,test
03-01-04-02-01-01-07.wav,4,2,1,1,7,sad,m,4_m,train
03-01-04-02-01-02-07.wav,4,2,1,2,7,sad,m,4_m,test
03-01-04-02-02-01-07.wav,4,2,2,1,7,sad,m,4_m,val
03-01-04-02-02-02-07.wav,4,2,2,2,7,sad,m,4_m,train
03-01-05-01-01-01-07.wav,5,1,1,1,7,angry,m,5_m,train
03-01-05-01-01-02-07.wav,5,1,1,2,7,angry,m,5_m,train
03-01-05-01-02-01-07.wav,5,1,2,1,7,angry,m,5_m,train
03-01-05-01-02-02-07.wav,5,1,2,2,7,angry,m,5_m,train
03-01-05-02-01-01-07.wav,5,2,1,1,7,angry,m,5_m,train
03-01-05-02-01-02-07.wav,5,2,1,2,7,angry,m,5_m,train
03-01-05-02-02-01-07.wav,5,2,2,1,7,angry,m,5_m,val
03-01-05-02-02-02-07.wav,5,2,2,2,7,angry,m,5_m,test
03-01-06-01-01-01-07.wav,6,1,1,1,7,fearful,m,6_m,train
03-01-06-01-01-02-07.wav,6,1,1,2,7,fearful,m,6_m,train
03-01-06-01-02-01-07.wav,6,1,2,1,7,fearful,m,6_m,train
03-01-06-01-02-02-07.wav,6,1,2,2,7,fearful,m,6_m,test
03-01-06-02-01-01-07.wav,6,2,1,1,7,fearful,m,6_m,train
03-01-06-02-01-02-07.wav,6,2,1,2,7,fearful,m,6_m,train
03-01-06-02-02-01-07.wav,6,2,2,1,7,fearful,m,6_m,train
03-01-06-02-02-02-07.wav,6,2,2,2,7,fearful,m,6_m,train
03-01-07-01-01-01-07.wav,7,1,1,1,7,disgust,m,7_m,train
03-01-07-01-01-02-07.wav,7,1,1,2,7,disgust,m,7_m,train
03-01-07-01-02-01-07.wav,7,1,2,1,7,disgust,m,7_m,train
03-01-07-01-02-02-07.wav,7,1,2,2,7,disgust,m,7_m,val
03-01-07-02-01-01-07.wav,7,2,1,1,7,disgust,m,7_m,train
03-01-07-02-01-02-07.wav,7,2,1,2,7,disgust,m,7_m,test
03-01-07-02-02-01-07.wav,7,2,2,1,7,disgust,m,7_m,train
03-01-07-02-02-02-07.wav,7,2,2,2,7,disgust,m,7_m,val
03-01-08-01-01-01-07.wav,8,1,1,1,7,surprised,m,8_m,train
03-01-08-01-01-02-07.wav,8,1,1,2,7,surprised,m,8_m,test
03-01-08-01-02-01-07.wav,8,1,2,1,7,surprised,m,8_m,train
03-01-08-01-02-02-07.wav,8,1,2,2,7,surprised,m,8_m,test
03-01-08-02-01-01-07.wav,8,2,1,1,7,surprised,m,8_m,train
03-01-08-02-01-02-07.wav,8,2,1,2,7,surprised,m,8_m,train
03-01-08-02-02-01-07.wav,8,2,2,1,7,surprised,m,8_m,train
03-01-08-02-02-02-07.wav,8,2,2,2,7,surprised,m,8_m,test
03-01-01-01-01-01-08.wav,1,1,1,1,8,baseline,f,1_f,train
03-01-01-01-01-02-08.wav,1,1,1,2,8,baseline,f,1_f,train
03-01-01-01-02-01-08.wav,1,1,2,1,8,baseline,f,1_f,train
03-01-01-01-02-02-08.wav,1,1,2,2,8,baseline,f,1_f,train
03-01-02-01-01-01-08.wav,2,1,1,1,8,baseline,f,2_f,train
03-01-02-01-01-02-08.wav,2,1,1,2,8,baseline,f,2_f,train
03-01-02-01-02-01-08.wav,2,1,2,1,8,baseline,f,2_f,train
03-01-02-01-02-02-08.wav,2,1,2,2,8,baseline,f,2_f,train
03-01-02-02-01-01-08.wav,2,2,1,1,8,baseline,f,2_f,test
03-01-02-02-01-02-08.wav,2,2,1,2,8,baseline,f,2_f,train
03-01-02-02-02-01-08.wav,2,2,2,1,8,baseline,f,2_f,train
03-01-02-02-02-02-08.wav,2,2,2,2,8,baseline,f,2_f,train
03-01-03-01-01-01-08.wav,3,1,1,1,8,happy,f,3_f,test
03-01-03-01-01-02-08.wav,3,1,1,2,8,happy,f,3_f,train
03-01-03-01-02-01-08.wav,3,1,2,1,8,happy,f,3_f,train
03-01-03-01-02-02-08.wav,3,1,2,2,8,happy,f,3_f,test
03-01-03-02-01-01-08.wav,3,2,1,1,8,happy,f,3_f,train
03-01-03-02-01-02-08.wav,3,2,1,2,8,happy,f,3_f,train
03-01-03-02-02-01-08.wav,3,2,2,1,8,happy,f,3_f,train
03-01-03-02-02-02-08.wav,3,2,2,2,8,happy,f,3_f,val
03-01-04-01-01-01-08.wav,4,1,1,1,8,sad,f,4_f,test
03-01-04-01-01-02-08.wav,4,1,1,2,8,sad,f,4_f,train
03-01-04-01-02-01-08.wav,4,1,2,1,8,sad,f,4_f,train
03-01-04-01-02-02-08.wav,4,1,2,2,8,sad,f,4_f,test
03-01-04-02-01-01-08.wav,4,2,1,1,8,sad,f,4_f,train
03-01-04-02-01-02-08.wav,4,2,1,2,8,sad,f,4_f,train
03-01-04-02-02-01-08.wav,4,2,2,1,8,sad,f,4_f,train
03-01-04-02-02-02-08.wav,4,2,2,2,8,sad,f,4_f,train
03-01-05-01-01-01-08.wav,5,1,1,1,8,angry,f,5_f,train
03-01-05-01-01-02-08.wav,5,1,1,2,8,angry,f,5_f,val
03-01-05-01-02-01-08.wav,5,1,2,1,8,angry,f,5_f,train
03-01-05-01-02-02-08.wav,5,1,2,2,8,angry,f,5_f,train
03-01-05-02-01-01-08.wav,5,2,1,1,8,angry,f,5_f,train
03-01-05-02-01-02-08.wav,5,2,1,2,8,angry,f,5_f,test
03-01-05-02-02-01-08.wav,5,2,2,1,8,angry,f,5_f,test
03-01-05-02-02-02-08.wav,5,2,2,2,8,angry,f,5_f,train
03-01-06-01-01-01-08.wav,6,1,1,1,8,fearful,f,6_f,test
03-01-06-01-01-02-08.wav,6,1,1,2,8,fearful,f,6_f,train
03-01-06-01-02-01-08.wav,6,1,2,1,8,fearful,f,6_f,train
03-01-06-01-02-02-08.wav,6,1,2,2,8,fearful,f,6_f,train
03-01-06-02-01-01-08.wav,6,2,1,1,8,fearful,f,6_f,train
03-01-06-02-01-02-08.wav,6,2,1,2,8,fearful,f,6_f,train
03-01-06-02-02-01-08.wav,6,2,2,1,8,fearful,f,6_f,train
03-01-06-02-02-02-08.wav,6,2,2,2,8,fearful,f,6_f,test
03-01-07-01-01-01-08.wav,7,1,1,1,8,disgust,f,7_f,train
03-01-07-01-01-02-08.wav,7,1,1,2,8,disgust,f,7_f,train
03-01-07-01-02-01-08.wav,7,1,2,1,8,disgust,f,7_f,train
03-01-07-01-02-02-08.wav,7,1,2,2,8,disgust,f,7_f,test
03-01-07-02-01-01-08.wav,7,2,1,1,8,disgust,f,7_f,train
03-01-07-02-01-02-08.wav,7,2,1,2,8,disgust,f,7_f,train
03-01-07-02-02-01-08.wav,7,2,2,1,8,disgust,f,7_f,train
03-01-07-02-02-02-08.wav,7,2,2,2,8,disgust,f,7_f,train
03-01-08-01-01-01-08.wav,8,1,1,1,8,surprised,f,8_f,test
03-01-08-01-01-02-08.wav,8,1,1,2,8,surprised,f,8_f,test
03-01-08-01-02-01-08.wav,8,1,2,1,8,surprised,f,8_f,test
03-01-08-01-02-02-08.wav,8,1,2,2,8,surprised,f,8_f,train
03-01-08-02-01-01-08.wav,8,2,1,1,8,surprised,f,8_f,train
03-01-08-02-01-02-08.wav,8,2,1,2,8,surprised,f,8_f,train
03-01-08-02-02-01-08.wav,8,2,2,1,8,surprised,f,8_f,val
03-01-08-02-02-02-08.wav,8,2,2,2,8,surprised,f,8_f,train
03-01-01-01-01-01-09.wav,1,1,1,1,9,baseline,m,1_m,test
03-01-01-01-01-02-09.wav,1,1,1,2,9,baseline,m,1_m,train
03-01-01-01-02-01-09.wav,1,1,2,1,9,baseline,m,1_m,train
03-01-01-01-02-02-09.wav,1,1,2,2,9,baseline,m,1_m,train
03-01-02-01-01-01-09.wav,2,1,1,1,9,baseline,m,2_m,train
03-01-02-01-01-02-09.wav,2,1,1,2,9,baseline,m,2_m,train
03-01-02-01-02-01-09.wav,2,1,2,1,9,baseline,m,2_m,val
03-01-02-01-02-02-09.wav,2,1,2,2,9,baseline,m,2_m,train
03-01-02-02-01-01-09.wav,2,2,1,1,9,baseline,m,2_m,train
03-01-02-02-01-02-09.wav,2,2,1,2,9,baseline,m,2_m,train
03-01-02-02-02-01-09.wav,2,2,2,1,9,baseline,m,2_m,train
03-01-02-02-02-02-09.wav,2,2,2,2,9,baseline,m,2_m,train
03-01-03-01-01-01-09.wav,3,1,1,1,9,happy,m,3_m,train
03-01-03-01-01-02-09.wav,3,1,1,2,9,happy,m,3_m,val
03-01-03-01-02-01-09.wav,3,1,2,1,9,happy,m,3_m,test
03-01-03-01-02-02-09.wav,3,1,2,2,9,happy,m,3_m,train
03-01-03-02-01-01-09.wav,3,2,1,1,9,happy,m,3_m,train
03-01-03-02-01-02-09.wav,3,2,1,2,9,happy,m,3_m,train
03-01-03-02-02-01-09.wav,3,2,2,1,9,happy,m,3_m,val
03-01-03-02-02-02-09.wav,3,2,2,2,9,happy,m,3_m,train
03-01-04-01-01-01-09.wav,4,1,1,1,9,sad,m,4_m,val
03-01-04-01-01-02-09.wav,4,1,1,2,9,sad,m,4_m,test
03-01-04-01-02-01-09.wav,4,1,2,1,9,sad,m,4_m,train
03-01-04-01-02-02-09.wav,4,1,2,2,9,sad,m,4_m,train
03-01-04-02-01-01-09.wav,4,2,1,1,9,sad,m,4_m,val
03-01-04-02-01-02-09.wav,4,2,1,2,9,sad,m,4_m,train
03-01-04-02-02-01-09.wav,4,2,2,1,9,sad,m,4_m,train
03-01-04-02-02-02-09.wav,4,2,2,2,9,sad,m,4_m,train
03-01-05-01-01-01-09.wav,5,1,1,1,9,angry,m,5_m,test
03-01-05-01-01-02-09.wav,5,1,1,2,9,angry,m,5_m,train
03-01-05-01-02-01-09.wav,5,1,2,1,9,angry,m,5_m,train
03-01-05-01-02-02-09.wav,5,1,2,2,9,angry,m,5_m,val
03-01-05-02-01-01-09.wav,5,2,1,1,9,angry,m,5_m,test
03-01-05-02-01-02-09.wav,5,2,1,2,9,angry,m,5_m,train
03-01-05-02-02-01-09.wav,5,2,2,1,9,angry,m,5_m,val
03-01-05-02-02-02-09.wav,5,2,2,2,9,angry,m,5_m,train
03-01-06-01-01-01-09.wav,6,1,1,1,9,fearful,m,6_m,train
03-01-06-01-01-02-09.wav,6,1,1,2,9,fearful,m,6_m,test
03-01-06-01-02-01-09.wav,6,1,2,1,9,fearful,m,6_m,test
03-01-06-01-02-02-09.wav,6,1,2,2,9,fearful,m,6_m,val
03-01-06-02-01-01-09.wav,6,2,1,1,9,fearful,m,6_m,train
03-01-06-02-01-02-09.wav,6,2,1,2,9,fearful,m,6_m,train
03-01-06-02-02-01-09.wav,6,2,2,1,9,fearful,m,6_m,train
03-01-06-02-02-02-09.wav,6,2,2,2,9,fearful,m,6_m,val
03-01-07-01-01-01-09.wav,7,1,1,1,9,disgust,m,7_m,test
03-01-07-01-01-02-09.wav,7,1,1,2,9,disgust,m,7_m,train
03-01-07-01-02-01-09.wav,7,1,2,1,9,disgust,m,7_m,train
03-01-07-01-02-02-09.wav,7,1,2,2,9,disgust,m,7_m,train
03-01-07-02-01-01-09.wav,7,2,1,1,9,disgust,m,7_m,val
03-01-07-02-01-02-09.wav,7,2,1,2,9,disgust,m,7_m,val
03-01-07-02-02-01-09.wav,7,2,2,1,9,disgust,m,7_m,test
03-01-07-02-02-02-09.wav,7,2,2,2,9,disgust,m,7_m,train
03-01-08-01-01-01-09.wav,8,1,1,1,9,surprised,m,8_m,val
03-01-08-01-01-02-09.wav,8,1,1,2,9,surprised,m,8_m,train
03-01-08-01-02-01-09.wav,8,1,2,1,9,surprised,m,8_m,train
03-01-08-01-02-02-09.wav,8,1,2,2,9,surprised,m,8_m,test
03-01-08-02-01-01-09.wav,8,2,1,1,9,surprised,m,8_m,train
03-01-08-02-01-02-09.wav,8,2,1,2,9,surprised,m,8_m,train
03-01-08-02-02-01-09.wav,8,2,2,1,9,surprised,m,8_m,train
03-01-08-02-02-02-09.wav,8,2,2,2,9,surprised,m,8_m,val
03-01-01-01-01-01-10.wav,1,1,1,1,10,baseline,f,1_f,train
03-01-01-01-01-02-10.wav,1,1,1,2,10,baseline,f,1_f,train
03-01-01-01-02-01-10.wav,1,1,2,1,10,baseline,f,1_f,train
03-01-01-01-02-02-10.wav,1,1,2,2,10,baseline,f,1_f,val
03-01-02-01-01-01-10.wav,2,1,1,1,10,baseline,f,2_f,train
03-01-02-01-01-02-10.wav,2,1,1,2,10,baseline,f,2_f,val
03-01-02-01-02-01-10.wav,2,1,2,1,10,baseline,f,2_f,train
03-01-02-01-02-02-10.wav,2,1,2,2,10,baseline,f,2_f,val
03-01-02-02-01-01-10.wav,2,2,1,1,10,baseline,f,2_f,train
03-01-02-02-01-02-10.wav,2,2,1,2,10,baseline,f,2_f,train
03-01-02-02-02-01-10.wav,2,2,2,1,10,baseline,f,2_f,train
03-01-02-02-02-02-10.wav,2,2,2,2,10,baseline,f,2_f,test
03-01-03-01-01-01-10.wav,3,1,1,1,10,happy,f,3_f,train
03-01-03-01-01-02-10.wav,3,1,1,2,10,happy,f,3_f,train
03-01-03-01-02-01-10.wav,3,1,2,1,10,happy,f,3_f,test
03-01-03-01-02-02-10.wav,3,1,2,2,10,happy,f,3_f,val
03-01-03-02-01-01-10.wav,3,2,1,1,10,happy,f,3_f,val
03-01-03-02-01-02-10.wav,3,2,1,2,10,happy,f,3_f,train
03-01-03-02-02-01-10.wav,3,2,2,1,10,happy,f,3_f,val
03-01-03-02-02-02-10.wav,3,2,2,2,10,happy,f,3_f,train
03-01-04-01-01-01-10.wav,4,1,1,1,10,sad,f,4_f,val
03-01-04-01-01-02-10.wav,4,1,1,2,10,sad,f,4_f,train
03-01-04-01-02-01-10.wav,4,1,2,1,10,sad,f,4_f,test
03-01-04-01-02-02-10.wav,4,1,2,2,10,sad,f,4_f,val
03-01-04-02-01-01-10.wav,4,2,1,1,10,sad,f,4_f,train
03-01-04-02-01-02-10.wav,4,2,1,2,10,sad,f,4_f,train
03-01-04-02-02-01-10.wav,4,2,2,1,10,sad,f,4_f,train
03-01-04-02-02-02-10.wav,4,2,2,2,10,sad,f,4_f,val
03-01-05-01-01-01-10.wav,5,1,1,1,10,angry,f,5_f,train
03-01-05-01-01-02-10.wav,5,1,1,2,10,angry,f,5_f,train
03-01-05-01-02-01-10.wav,5,1,2,1,10,angry,f,5_f,train
03-01-05-01-02-02-10.wav,5,1,2,2,10,angry,f,5_f,train
03-01-05-02-01-01-10.wav,5,2,1,1,10,angry,f,5_f,test
03-01-05-02-01-02-10.wav,5,2,1,2,10,angry,f,5_f,train
03-01-05-02-02-01-10.wav,5,2,2,1,10,angry,f,5_f,test
03-01-05-02-02-02-10.wav,5,2,2,2,10,angry,f,5_f,val
03-01-06-01-01-01-10.wav,6,1,1,1,10,fearful,f,6_f,train
03-01-06-01-01-02-10.wav,6,1,1,2,10,fearful,f,6_f,train
03-01-06-01-02-01-10.wav,6,1,2,1,10,fearful,f,6_f,test
03-01-06-01-02-02-10.wav,6,1,2,2,10,fearful,f,6_f,val
03-01-06-02-01-01-10.wav,6,2,1,1,10,fearful,f,6_f,test
03-01-06-02-01-02-10.wav,6,2,1,2,10,fearful,f,6_f,val
03-01-06-02-02-01-10.wav,6,2,2,1,10,fearful,f,6_f,train
03-01-06-02-02-02-10.wav,6,2,2,2,10,fearful,f,6_f,train
03-01-07-01-01-01-10.wav,7,1,1,1,10,disgust,f,7_f,test
03-01-07-01-01-02-10.wav,7,1,1,2,10,disgust,f,7_f,train
03-01-07-01-02-01-10.wav,7,1,2,1,10,disgust,f,7_f,train
03-01-07-01-02-02-10.wav,7,1,2,2,10,disgust,f,7_f,train
03-01-07-02-01-01-10.wav,7,2,1,1,10,disgust,f,7_f,train
03-01-07-02-01-02-10.wav,7,2,1,2,10,disgust,f,7_f,test
03-01-07-02-02-01-10.wav,7,2,2,1,10,disgust,f,7_f,train
03-01-07-02-02-02-10.wav,7,2,2,2,10,disgust,f,7_f,train
03-01-08-01-01-01-10.wav,8,1,1,1,10,surprised,f,8_f,train
03-01-08-01-01-02-10.wav,8,1,1,2,10,surprised,f,8_f,test
03-01-08-01-02-01-10.wav,8,1,2,1,10,surprised,f,8_f,train
03-01-08-01-02-02-10.wav,8,1,2,2,10,surprised,f,8_f,train
03-01-08-02-01-01-10.wav,8,2,1,1,10,surprised,f,8_f,train
03-01-08-02-01-02-10.wav,8,2,1,2,10,surprised,f,8_f,train
03-01-08-02-02-01-10.wav,8,2,2,1,10,surprised,f,8_f,test
03-01-08-02-02-02-10.wav,8,2,2,2,10,surprised,f,8_f,train
03-01-01-01-01-01-11.wav,1,1,1,1,11,baseline,m,1_m,val
03-01-01-01-01-02-11.wav,1,1,1,2,11,baseline,m,1_m,test
03-01-01-01-02-01-11.wav,1,1,2,1,11,baseline,m,1_m,train
03-01-01-01-02-02-11.wav,1,1,2,2,11,baseline,m,1_m,train
03-01-02-01-01-01-11.wav,2,1,1,1,11,baseline,m,2_m,train
03-01-02-01-01-02-11.wav,2,1,1,2,11,baseline,m,2_m,val
03-01-02-01-02-01-11.wav,2,1,2,1,11,baseline,m,2_m,test
03-01-02-01-02-02-11.wav,2,1,2,2,11,baseline,m,2_m,val
03-01-02-02-01-01-11.wav,2,2,1,1,11,baseline,m,2_m,train
03-01-02-02-01-02-11.wav,2,2,1,2,11,baseline,m,2_m,train
03-01-02-02-02-01-11.wav,2,2,2,1,11,baseline,m,2_m,train
03-01-02-02-02-02-11.wav,2,2,2,2,11,baseline,m,2_m,train
03-01-03-01-01-01-11.wav,3,1,1,1,11,happy,m,3_m,val
03-01-03-01-01-02-11.wav,3,1,1,2,11,happy,m,3_m,train
03-01-03-01-02-01-11.wav,3,1,2,1,11,happy,m,3_m,train
03-01-03-01-02-02-11.wav,3,1,2,2,11,happy,m,3_m,train
03-01-03-02-01-01-11.wav,3,2,1,1,11,happy,m,3_m,train
03-01-03-02-01-02-11.wav,3,2,1,2,11,happy,m,3_m,train
03-01-03-02-02-01-11.wav,3,2,2,1,11,happy,m,3_m,val
03-01-03-02-02-02-11.wav,3,2,2,2,11,happy,m,3_m,train
03-01-04-01-01-01-11.wav,4,1,1,1,11,sad,m,4_m,train
03-01-04-01-01-02-11.wav,4,1,1,2,11,sad,m,4_m,train
03-01-04-01-02-01-11.wav,4,1,2,1,11,sad,m,4_m,train
03-01-04-01-02-02-11.wav,4,1,2,2,11,sad,m,4_m,train
03-01-04-02-01-01-11.wav,4,2,1,1,11,sad,m,4_m,train
03-01-04-02-01-02-11.wav,4,2,1,2,11,sad,m,4_m,train
03-01-04-02-02-01-11.wav,4,2,2,1,11,sad,m,4_m,train
03-01-04-02-02-02-11.wav,4,2,2,2,11,sad,m,4_m,test
03-01-05-01-01-01-11.wav,5,1,1,1,11,angry,m,5_m,val
03-01-05-01-01-02-11.wav,5,1,1,2,11,angry,m,5_m,test
03-01-05-01-02-01-11.wav,5,1,2,1,11,angry,m,5_m,train
03-01-05-01-02-02-11.wav,5,1,2,2,11,angry,m,5_m,train
03-01-05-02-01-01-11.wav,5,2,1,1,11,angry,m,5_m,test
03-01-05-02-01-02-11.wav,5,2,1,2,11,angry,m,5_m,train
03-01-05-02-02-01-11.wav,5,2,2,1,11,angry,m,5_m,train
03-01-05-02-02-02-11.wav,5,2,2,2,11,angry,m,5_m,train
03-01-06-01-01-01-11.wav,6,1,1,1,11,fearful,m,6_m,train
03-01-06-01-01-02-11.wav,6,1,1,2,11,fearful,m,6_m,train
03-01-06-01-02-01-11.wav,6,1,2,1,11,fearful,m,6_m,test
03-01-06-01-02-02-11.wav,6,1,2,2,11,fearful,m,6_m,train
03-01-06-02-01-01-11.wav,6,2,1,1,11,fearful,m,6_m,train
03-01-06-02-01-02-11.wav,6,2,1,2,11,fearful,m,6_m,train
03-01-06-02-02-01-11.wav,6,2,2,1,11,fearful,m,6_m,val
03-01-06-02-02-02-11.wav,6,2,2,2,11,fearful,m,6_m,test
03-01-07-01-01-01-11.wav,7,1,1,1,11,disgust,m,7_m,train
03-01-07-01-01-02-11.wav,7,1,1,2,11,disgust,m,7_m,train
03-01-07-01-02-01-11.wav,7,1,2,1,11,disgust,m,7_m,val
03-01-07-01-02-02-11.wav,7,1,2,2,11,disgust,m,7_m,train
03-01-07-02-01-01-11.wav,7,2,1,1,11,disgust,m,7_m,train
03-01-07-02-01-02-11.wav,7,2,1,2,11,disgust,m,7_m,train
03-01-07-02-02-01-11.wav,7,2,2,1,11,disgust,m,7_m,test
03-01-07-02-02-02-11.wav,7,2,2,2,11,disgust,m,7_m,train
03-01-08-01-01-01-11.wav,8,1,1,1,11,surprised,m,8_m,train
03-01-08-01-01-02-11.wav,8,1,1,2,11,surprised,m,8_m,train
03-01-08-01-02-01-11.wav,8,1,2,1,11,surprised,m,8_m,train
03-01-08-01-02-02-11.wav,8,1,2,2,11,surprised,m,8_m,train
03-01-08-02-01-01-11.wav,8,2,1,1,11,surprised,m,8_m,train
03-01-08-02-01-02-11.wav,8,2,1,2,11,surprised,m,8_m,train
03-01-08-02-02-01-11.wav,8,2,2,1,11,surprised,m,8_m,train
03-01-08-02-02-02-11.wav,8,2,2,2,11,surprised,m,8_m,test
03-01-01-01-01-01-12.wav,1,1,1,1,12,baseline,f,1_f,test
03-01-01-01-01-02-12.wav,1,1,1,2,12,baseline,f,1_f,test
03-01-01-01-02-01-12.wav,1,1,2,1,12,baseline,f,1_f,train
03-01-01-01-02-02-12.wav,1,1,2,2,12,baseline,f,1_f,train
03-01-02-01-01-01-12.wav,2,1,1,1,12,baseline,f,2_f,train
03-01-02-01-01-02-12.wav,2,1,1,2,12,baseline,f,2_f,train
03-01-02-01-02-01-12.wav,2,1,2,1,12,baseline,f,2_f,train
03-01-02-01-02-02-12.wav,2,1,2,2,12,baseline,f,2_f,train
03-01-02-02-01-01-12.wav,2,2,1,1,12,baseline,f,2_f,train
03-01-02-02-01-02-12.wav,2,2,1,2,12,baseline,f,2_f,train
03-01-02-02-02-01-12.wav,2,2,2,1,12,baseline,f,2_f,val
03-01-02-02-02-02-12.wav,2,2,2,2,12,baseline,f,2_f,train
03-01-03-01-01-01-12.wav,3,1,1,1,12,happy,f,3_f,train
03-01-03-01-01-02-12.wav,3,1,1,2,12,happy,f,3_f,val
03-01-03-01-02-01-12.wav,3,1,2,1,12,happy,f,3_f,train
03-01-03-01-02-02-12.wav,3,1,2,2,12,happy,f,3_f,train
03-01-03-02-01-01-12.wav,3,2,1,1,12,happy,f,3_f,test
03-01-03-02-01-02-12.wav,3,2,1,2,12,happy,f,3_f,train
03-01-03-02-02-01-12.wav,3,2,2,1,12,happy,f,3_f,train
03-01-03-02-02-02-12.wav,3,2,2,2,12,happy,f,3_f,train
03-01-04-01-01-01-12.wav,4,1,1,1,12,sad,f,4_f,train
03-01-04-01-01-02-12.wav,4,1,1,2,12,sad,f,4_f,train
03-01-04-01-02-01-12.wav,4,1,2,1,12,sad,f,4_f,train
03-01-04-01-02-02-12.wav,4,1,2,2,12,sad,f,4_f,train
03-01-04-02-01-01-12.wav,4,2,1,1,12,sad,f,4_f,train
03-01-04-02-01-02-12.wav,4,2,1,2,12,sad,f,4_f,train
03-01-04-02-02-01-12.wav,4,2,2,1,12,sad,f,4_f,train
03-01-04-02-02-02-12.wav,4,2,2,2,12,sad,f,4_f,train
03-01-05-01-01-01-12.wav,5,1,1,1,12,angry,f,5_f,train
03-01-05-01-01-02-12.wav,5,1,1,2,12,angry,f,5_f,train
03-01-05-01-02-01-12.wav,5,1,2,1,12,angry,f,5_f,train
03-01-05-01-02-02-12.wav,5,1,2,2,12,angry,f,5_f,train
03-01-05-02-01-01-12.wav,5,2,1,1,12,angry,f,5_f,train
03-01-05-02-01-02-12.wav,5,2,1,2,12,angry,f,5_f,train
03-01-05-02-02-01-12.wav,5,2,2,1,12,angry,f,5_f,train
03-01-05-02-02-02-12.wav,5,2,2,2,12,angry,f,5_f,train
03-01-06-01-01-01-12.wav,6,1,1,1,12,fearful,f,6_f,train
03-01-06-01-01-02-12.wav,6,1,1,2,12,fearful,f,6_f,train
03-01-06-01-02-01-12.wav,6,1,2,1,12,fearful,f,6_f,train
03-01-06-01-02-02-12.wav,6,1,2,2,12,fearful,f,6_f,train
03-01-06-02-01-01-12.wav,6,2,1,1,12,fearful,f,6_f,train
03-01-06-02-01-02-12.wav,6,2,1,2,12,fearful,f,6_f,train
03-01-06-02-02-01-12.wav,6,2,2,1,12,fearful,f,6_f,train
03-01-06-02-02-02-12.wav,6,2,2,2,12,fearful,f,6_f,train
03-01-07-01-01-01-12.wav,7,1,1,1,12,disgust,f,7_f,train
03-01-07-01-01-02-12.wav,7,1,1,2,12,disgust,f,7_f,train
03-01-07-01-02-01-12.wav,7,1,2,1,12,disgust,f,7_f,train
03-01-07-01-02-02-12.wav,7,1,2,2,12,disgust,f,7_f,test
03-01-07-02-01-01-12.wav,7,2,1,1,12,disgust,f,7_f,val
03-01-07-02-01-02-12.wav,7,2,1,2,12,disgust,f,7_f,train
03-01-07-02-02-01-12.wav,7,2,2,1,12,disgust,f,7_f,val
03-01-07-02-02-02-12.wav,7,2,2,2,12,disgust,f,7_f,train
03-01-08-01-01-01-12.wav,8,1,1,1,12,surprised,f,8_f,train
03-01-08-01-01-02-12.wav,8,1,1,2,12,surprised,f,8_f,train
03-01-08-01-02-01-12.wav,8,1,2,1,12,surprised,f,8_f,train
03-01-08-01-02-02-12.wav,8,1,2,2,12,surprised,f,8_f,train
03-01-08-02-01-01-12.wav,8,2,1,1,12,surprised,f,8_f,train
03-01-08-02-01-02-12.wav,8,2,1,2,12,surprised,f,8_f,train
03-01-08-02-02-01-12.wav,8,2,2,1,12,surprised,f,8_f,train
03-01-08-02-02-02-12.wav,8,2,2,2,12,surprised,f,8_f,train
03-01-01-01-01-01-13.wav,1,1,1,1,13,baseline,m,1_m,train
03-01-01-01-01-02-13.wav,1,1,1,2,13,baseline,m,1_m,train
03-01-01-01-02-01-13.wav,1,1,2,1,13,baseline,m,1_m,test
03-01-01-01-02-02-13.wav,1,1,2,2,13,baseline,m,1_m,train
03-01-02-01-01-01-13.wav,2,1,1,1,13,baseline,m,2_m,val
03-01-02-01-01-02-13.wav,2,1,1,2,13,baseline,m,2_m,train
03-01-02-01-02-01-13.wav,2,1,2,1,13,baseline,m,2_m,train
03-01-02-01-02-02-13.wav,2,1,2,2,13,baseline,m,2_m,test
03-01-02-02-01-01-13.wav,2,2,1,1,13,baseline,m,2_m,train
03-01-02-02-01-02-13.wav,2,2,1,2,13,baseline,m,2_m,test
03-01-02-02-02-01-13.wav,2,2,2,1,13,baseline,m,2_m,test
03-01-02-02-02-02-13.wav,2,2,2,2,13,baseline,m,2_m,train
03-01-03-01-01-01-13.wav,3,1,1,1,13,happy,m,3_m,test
03-01-03-01-01-02-13.wav,3,1,1,2,13,happy,m,3_m,train
03-01-03-01-02-01-13.wav,3,1,2,1,13,happy,m,3_m,train
03-01-03-01-02-02-13.wav,3,1,2,2,13,happy,m,3_m,train
03-01-03-02-01-01-13.wav,3,2,1,1,13,happy,m,3_m,train
03-01-03-02-01-02-13.wav,3,2,1,2,13,happy,m,3_m,train
03-01-03-02-02-01-13.wav,3,2,2,1,13,happy,m,3_m,train
03-01-03-02-02-02-13.wav,3,2,2,2,13,happy,m,3_m,train
03-01-04-01-01-01-13.wav,4,1,1,1,13,sad,m,4_m,train
03-01-04-01-01-02-13.wav,4,1,1,2,13,sad,m,4_m,train
03-01-04-01-02-01-13.wav,4,1,2,1,13,sad,m,4_m,train
03-01-04-01-02-02-13.wav,4,1,2,2,13,sad,m,4_m,train
03-01-04-02-01-01-13.wav,4,2,1,1,13,sad,m,4_m,train
03-01-04-02-01-02-13.wav,4,2,1,2,13,sad,m,4_m,test
03-01-04-02-02-01-13.wav,4,2,2,1,13,sad,m,4_m,test
03-01-04-02-02-02-13.wav,4,2,2,2,13,sad,m,4_m,train
03-01-05-01-01-01-13.wav,5,1,1,1,13,angry,m,5_m,train
03-01-05-01-01-02-13.wav,5,1,1,2,13,angry,m,5_m,train
03-01-05-01-02-01-13.wav,5,1,2,1,13,angry,m,5_m,train
03-01-05-01-02-02-13.wav,5,1,2,2,13,angry,m,5_m,val
03-01-05-02-01-01-13.wav,5,2,1,1,13,angry,m,5_m,train
03-01-05-02-01-02-13.wav,5,2,1,2,13,angry,m,5_m,val
03-01-05-02-02-01-13.wav,5,2,2,1,13,angry,m,5_m,train
03-01-05-02-02-02-13.wav,5,2,2,2,13,angry,m,5_m,train
03-01-06-01-01-01-13.wav,6,1,1,1,13,fearful,m,6_m,test
03-01-06-01-01-02-13.wav,6,1,1,2,13,fearful,m,6_m,val
03-01-06-01-02-01-13.wav,6,1,2,1,13,fearful,m,6_m,train
03-01-06-01-02-02-13.wav,6,1,2,2,13,fearful,m,6_m,val
03-01-06-02-01-01-13.wav,6,2,1,1,13,fearful,m,6_m,train
03-01-06-02-01-02-13.wav,6,2,1,2,13,fearful,m,6_m,train
03-01-06-02-02-01-13.wav,6,2,2,1,13,fearful,m,6_m,train
03-01-06-02-02-02-13.wav,6,2,2,2,13,fearful,m,6_m,val
03-01-07-01-01-01-13.wav,7,1,1,1,13,disgust,m,7_m,val
03-01-07-01-01-02-13.wav,7,1,1,2,13,disgust,m,7_m,train
03-01-07-01-02-01-13.wav,7,1,2,1,13,disgust,m,7_m,val
03-01-07-01-02-02-13.wav,7,1,2,2,13,disgust,m,7_m,test
03-01-07-02-01-01-13.wav,7,2,1,1,13,disgust,m,7_m,train
03-01-07-02-01-02-13.wav,7,2,1,2,13,disgust,m,7_m,train
03-01-07-02-02-01-13.wav,7,2,2,1,13,disgust,m,7_m,train
03-01-07-02-02-02-13.wav,7,2,2,2,13,disgust,m,7_m,train
03-01-08-01-01-01-13.wav,8,1,1,1,13,surprised,m,8_m,train
03-01-08-01-01-02-13.wav,8,1,1,2,13,surprised,m,8_m,train
03-01-08-01-02-01-13.wav,8,1,2,1,13,surprised,m,8_m,val
03-01-08-01-02-02-13.wav,8,1,2,2,13,surprised,m,8_m,train
03-01-08-02-01-01-13.wav,8,2,1,1,13,surprised,m,8_m,train
03-01-08-02-01-02-13.wav,8,2,1,2,13,surprised,m,8_m,train
03-01-08-02-02-01-13.wav,8,2,2,1,13,surprised,m,8_m,train
03-01-08-02-02-02-13.wav,8,2,2,2,13,surprised,m,8_m,train
03-01-01-01-01-01-14.wav,1,1,1,1,14,baseline,f,1_f,train
03-01-01-01-01-02-14.wav,1,1,1,2,14,baseline,f,1_f,train
03-01-01-01-02-01-14.wav,1,1,2,1,14,baseline,f,1_f,test
03-01-01-01-02-02-14.wav,1,1,2,2,14,baseline,f,1_f,train
03-01-02-01-01-01-14.wav,2,1,1,1,14,baseline,f,2_f,test
03-01-02-01-01-02-14.wav,2,1,1,2,14,baseline,f,2_f,train
03-01-02-01-02-01-14.wav,2,1,2,1,14,baseline,f,2_f,train
03-01-02-01-02-02-14.wav,2,1,2,2,14,baseline,f,2_f,train
03-01-02-02-01-01-14.wav,2,2,1,1,14,baseline,f,2_f,train
03-01-02-02-01-02-14.wav,2,2,1,2,14,baseline,f,2_f,train
03-01-02-02-02-01-14.wav,2,2,2,1,14,baseline,f,2_f,train
03-01-02-02-02-02-14.wav,2,2,2,2,14,baseline,f,2_f,val
03-01-03-01-01-01-14.wav,3,1,1,1,14,happy,f,3_f,val
03-01-03-01-01-02-14.wav,3,1,1,2,14,happy,f,3_f,train
03-01-03-01-02-01-14.wav,3,1,2,1,14,happy,f,3_f,val
03-01-03-01-02-02-14.wav,3,1,2,2,14,happy,f,3_f,train
03-01-03-02-01-01-14.wav,3,2,1,1,14,happy,f,3_f,train
03-01-03-02-01-02-14.wav,3,2,1,2,14,happy,f,3_f,train
03-01-03-02-02-01-14.wav,3,2,2,1,14,happy,f,3_f,test
03-01-03-02-02-02-14.wav,3,2,2,2,14,happy,f,3_f,train
03-01-04-01-01-01-14.wav,4,1,1,1,14,sad,f,4_f,train
03-01-04-01-01-02-14.wav,4,1,1,2,14,sad,f,4_f,test
03-01-04-01-02-01-14.wav,4,1,2,1,14,sad,f,4_f,val
03-01-04-01-02-02-14.wav,4,1,2,2,14,sad,f,4_f,train
03-01-04-02-01-01-14.wav,4,2,1,1,14,sad,f,4_f,train
03-01-04-02-01-02-14.wav,4,2,1,2,14,sad,f,4_f,train
03-01-04-02-02-01-14.wav,4,2,2,1,14,sad,f,4_f,test
03-01-04-02-02-02-14.wav,4,2,2,2,14,sad,f,4_f,val
03-01-05-01-01-01-14.wav,5,1,1,1,14,angry,f,5_f,train
03-01-05-01-01-02-14.wav,5,1,1,2,14,angry,f,5_f,train
03-01-05-01-02-01-14.wav,5,1,2,1,14,angry,f,5_f,train
03-01-05-01-02-02-14.wav,5,1,2,2,14,angry,f,5_f,val
03-01-05-02-01-01-14.wav,5,2,1,1,14,angry,f,5_f,train
03-01-05-02-01-02-14.wav,5,2,1,2,14,angry,f,5_f,val
03-01-05-02-02-01-14.wav,5,2,2,1,14,angry,f,5_f,train
03-01-05-02-02-02-14.wav,5,2,2,2,14,angry,f,5_f,val
03-01-06-01-01-01-14.wav,6,1,1,1,14,fearful,f,6_f,train
03-01-06-01-01-02-14.wav,6,1,1,2,14,fearful,f,6_f,train
03-01-06-01-02-01-14.wav,6,1,2,1,14,fearful,f,6_f,train
03-01-06-01-02-02-14.wav,6,1,2,2,14,fearful,f,6_f,val
03-01-06-02-01-01-14.wav,6,2,1,1,14,fearful,f,6_f,train
03-01-06-02-01-02-14.wav,6,2,1,2,14,fearful,f,6_f,val
03-01-06-02-02-01-14.wav,6,2,2,1,14,fearful,f,6_f,test
03-01-06-02-02-02-14.wav,6,2,2,2,14,fearful,f,6_f,train
03-01-07-01-01-01-14.wav,7,1,1,1,14,disgust,f,7_f,val
03-01-07-01-01-02-14.wav,7,1,1,2,14,disgust,f,7_f,train
03-01-07-01-02-01-14.wav,7,1,2,1,14,disgust,f,7_f,train
03-01-07-01-02-02-14.wav,7,1,2,2,14,disgust,f,7_f,train
03-01-07-02-01-01-14.wav,7,2,1,1,14,disgust,f,7_f,test
03-01-07-02-01-02-14.wav,7,2,1,2,14,disgust,f,7_f,val
03-01-07-02-02-01-14.wav,7,2,2,1,14,disgust,f,7_f,train
03-01-07-02-02-02-14.wav,7,2,2,2,14,disgust,f,7_f,val
03-01-08-01-01-01-14.wav,8,1,1,1,14,surprised,f,8_f,train
03-01-08-01-01-02-14.wav,8,1,1,2,14,surprised,f,8_f,val
03-01-08-01-02-01-14.wav,8,1,2,1,14,surprised,f,8_f,val
03-01-08-01-02-02-14.wav,8,1,2,2,14,surprised,f,8_f,train
03-01-08-02-01-01-14.wav,8,2,1,1,14,surprised,f,8_f,train
03-01-08-02-01-02-14.wav,8,2,1,2,14,surprised,f,8_f,train
03-01-08-02-02-01-14.wav,8,2,2,1,14,surprised,f,8_f,train
03-01-08-02-02-02-14.wav,8,2,2,2,14,surprised,f,8_f,train
03-01-01-01-01-01-15.wav,1,1,1,1,15,baseline,m,1_m,train
03-01-01-01-01-02-15.wav,1,1,1,2,15,baseline,m,1_m,test
03-01-01-01-02-01-15.wav,1,1,2,1,15,baseline,m,1_m,train
03-01-01-01-02-02-15.wav,1,1,2,2,15,baseline,m,1_m,train
03-01-02-01-01-01-15.wav,2,1,1,1,15,baseline,m,2_m,train
03-01-02-01-01-02-15.wav,2,1,1,2,15,baseline,m,2_m,train
03-01-02-01-02-01-15.wav,2,1,2,1,15,baseline,m,2_m,train
03-01-02-01-02-02-15.wav,2,1,2,2,15,baseline,m,2_m,test
03-01-02-02-01-01-15.wav,2,2,1,1,15,baseline,m,2_m,test
03-01-02-02-01-02-15.wav,2,2,1,2,15,baseline,m,2_m,train
03-01-02-02-02-01-15.wav,2,2,2,1,15,baseline,m,2_m,train
03-01-02-02-02-02-15.wav,2,2,2,2,15,baseline,m,2_m,train
03-01-03-01-01-01-15.wav,3,1,1,1,15,happy,m,3_m,train
03-01-03-01-01-02-15.wav,3,1,1,2,15,happy,m,3_m,test
03-01-03-01-02-01-15.wav,3,1,2,1,15,happy,m,3_m,train
03-01-03-01-02-02-15.wav,3,1,2,2,15,happy,m,3_m,train
03-01-03-02-01-01-15.wav,3,2,1,1,15,happy,m,3_m,train
03-01-03-02-01-02-15.wav,3,2,1,2,15,happy,m,3_m,train
03-01-03-02-02-01-15.wav,3,2,2,1,15,happy,m,3_m,train
03-01-03-02-02-02-15.wav,3,2,2,2,15,happy,m,3_m,test
03-01-04-01-01-01-15.wav,4,1,1,1,15,sad,m,4_m,val
03-01-04-01-01-02-15.wav,4,1,1,2,15,sad,m,4_m,train
03-01-04-01-02-01-15.wav,4,1,2,1,15,sad,m,4_m,train
03-01-04-01-02-02-15.wav,4,1,2,2,15,sad,m,4_m,train
03-01-04-02-01-01-15.wav,4,2,1,1,15,sad,m,4_m,test
03-01-04-02-01-02-15.wav,4,2,1,2,15,sad,m,4_m,train
03-01-04-02-02-01-15.wav,4,2,2,1,15,sad,m,4_m,train
03-01-04-02-02-02-15.wav,4,2,2,2,15,sad,m,4_m,train
03-01-05-01-01-01-15.wav,5,1,1,1,15,angry,m,5_m,train
03-01-05-01-01-02-15.wav,5,1,1,2,15,angry,m,5_m,test
03-01-05-01-02-01-15.wav,5,1,2,1,15,angry,m,5_m,train
03-01-05-01-02-02-15.wav,5,1,2,2,15,angry,m,5_m,train
03-01-05-02-01-01-15.wav,5,2,1,1,15,angry,m,5_m,train
03-01-05-02-01-02-15.wav,5,2,1,2,15,angry,m,5_m,train
03-01-05-02-02-01-15.wav,5,2,2,1,15,angry,m,5_m,train
03-01-05-02-02-02-15.wav,5,2,2,2,15,angry,m,5_m,val
03-01-06-01-01-01-15.wav,6,1,1,1,15,fearful,m,6_m,train
03-01-06-01-01-02-15.wav,6,1,1,2,15,fearful,m,6_m,train
03-01-06-01-02-01-15.wav,6,1,2,1,15,fearful,m,6_m,train
03-01-06-01-02-02-15.wav,6,1,2,2,15,fearful,m,6_m,train
03-01-06-02-01-01-15.wav,6,2,1,1,15,fearful,m,6_m,train
03-01-06-02-01-02-15.wav,6,2,1,2,15,fearful,m,6_m,train
03-01-06-02-02-01-15.wav,6,2,2,1,15,fearful,m,6_m,train
03-01-06-02-02-02-15.wav,6,2,2,2,15,fearful,m,6_m,val
03-01-07-01-01-01-15.wav,7,1,1,1,15,disgust,m,7_m,train
03-01-07-01-01-02-15.wav,7,1,1,2,15,disgust,m,7_m,test
03-01-07-01-02-01-15.wav,7,1,2,1,15,disgust,m,7_m,train
03-01-07-01-02-02-15.wav,7,1,2,2,15,disgust,m,7_m,train
03-01-07-02-01-01-15.wav,7,2,1,1,15,disgust,m,7_m,val
03-01-07-02-01-02-15.wav,7,2,1,2,15,disgust,m,7_m,train
03-01-07-02-02-01-15.wav,7,2,2,1,15,disgust,m,7_m,test
03-01-07-02-02-02-15.wav,7,2,2,2,15,disgust,m,7_m,train
03-01-08-01-01-01-15.wav,8,1,1,1,15,surprised,m,8_m,train
03-01-08-01-01-02-15.wav,8,1,1,2,15,surprised,m,8_m,train
03-01-08-01-02-01-15.wav,8,1,2,1,15,surprised,m,8_m,train
03-01-08-01-02-02-15.wav,8,1,2,2,15,surprised,m,8_m,val
03-01-08-02-01-01-15.wav,8,2,1,1,15,surprised,m,8_m,train
03-01-08-02-01-02-15.wav,8,2,1,2,15,surprised,m,8_m,train
03-01-08-02-02-01-15.wav,8,2,2,1,15,surprised,m,8_m,val
03-01-08-02-02-02-15.wav,8,2,2,2,15,surprised,m,8_m,train
03-01-01-01-01-01-16.wav,1,1,1,1,16,baseline,f,1_f,train
03-01-01-01-01-02-16.wav,1,1,1,2,16,baseline,f,1_f,train
03-01-01-01-02-01-16.wav,1,1,2,1,16,baseline,f,1_f,train
03-01-01-01-02-02-16.wav,1,1,2,2,16,baseline,f,1_f,train
03-01-02-01-01-01-16.wav,2,1,1,1,16,baseline,f,2_f,train
03-01-02-01-01-02-16.wav,2,1,1,2,16,baseline,f,2_f,val
03-01-02-01-02-01-16.wav,2,1,2,1,16,baseline,f,2_f,train
03-01-02-01-02-02-16.wav,2,1,2,2,16,baseline,f,2_f,train
03-01-02-02-01-01-16.wav,2,2,1,1,16,baseline,f,2_f,train
03-01-02-02-01-02-16.wav,2,2,1,2,16,baseline,f,2_f,train
03-01-02-02-02-01-16.wav,2,2,2,1,16,baseline,f,2_f,val
03-01-02-02-02-02-16.wav,2,2,2,2,16,baseline,f,2_f,test
03-01-03-01-01-01-16.wav,3,1,1,1,16,happy,f,3_f,test
03-01-03-01-01-02-16.wav,3,1,1,2,16,happy,f,3_f,test
03-01-03-01-02-01-16.wav,3,1,2,1,16,happy,f,3_f,test
03-01-03-01-02-02-16.wav,3,1,2,2,16,happy,f,3_f,train
03-01-03-02-01-01-16.wav,3,2,1,1,16,happy,f,3_f,train
03-01-03-02-01-02-16.wav,3,2,1,2,16,happy,f,3_f,train
03-01-03-02-02-01-16.wav,3,2,2,1,16,happy,f,3_f,train
03-01-03-02-02-02-16.wav,3,2,2,2,16,happy,f,3_f,train
03-01-04-01-01-01-16.wav,4,1,1,1,16,sad,f,4_f,val
03-01-04-01-01-02-16.wav,4,1,1,2,16,sad,f,4_f,test
03-01-04-01-02-01-16.wav,4,1,2,1,16,sad,f,4_f,test
03-01-04-01-02-02-16.wav,4,1,2,2,16,sad,f,4_f,train
03-01-04-02-01-01-16.wav,4,2,1,1,16,sad,f,4_f,test
03-01-04-02-01-02-16.wav,4,2,1,2,16,sad,f,4_f,val
03-01-04-02-02-01-16.wav,4,2,2,1,16,sad,f,4_f,test
03-01-04-02-02-02-16.wav,4,2,2,2,16,sad,f,4_f,train
03-01-05-01-01-01-16.wav,5,1,1,1,16,angry,f,5_f,test
03-01-05-01-01-02-16.wav,5,1,1,2,16,angry,f,5_f,train
03-01-05-01-02-01-16.wav,5,1,2,1,16,angry,f,5_f,val
03-01-05-01-02-02-16.wav,5,1,2,2,16,angry,f,5_f,val
03-01-05-02-01-01-16.wav,5,2,1,1,16,angry,f,5_f,train
03-01-05-02-01-02-16.wav,5,2,1,2,16,angry,f,5_f,train
03-01-05-02-02-01-16.wav,5,2,2,1,16,angry,f,5_f,train
03-01-05-02-02-02-16.wav,5,2,2,2,16,angry,f,5_f,train
03-01-06-01-01-01-16.wav,6,1,1,1,16,fearful,f,6_f,train
03-01-06-01-01-02-16.wav,6,1,1,2,16,fearful,f,6_f,train
03-01-06-01-02-01-16.wav,6,1,2,1,16,fearful,f,6_f,train
03-01-06-01-02-02-16.wav,6,1,2,2,16,fearful,f,6_f,test
03-01-06-02-01-01-16.wav,6,2,1,1,16,fearful,f,6_f,train
03-01-06-02-01-02-16.wav,6,2,1,2,16,fearful,f,6_f,train
03-01-06-02-02-01-16.wav,6,2,2,1,16,fearful,f,6_f,train
03-01-06-02-02-02-16.wav,6,2,2,2,16,fearful,f,6_f,train
03-01-07-01-01-01-16.wav,7,1,1,1,16,disgust,f,7_f,val
03-01-07-01-01-02-16.wav,7,1,1,2,16,disgust,f,7_f,val
03-01-07-01-02-01-16.wav,7,1,2,1,16,disgust,f,7_f,val
03-01-07-01-02-02-16.wav,7,1,2,2,16,disgust,f,7_f,train
03-01-07-02-01-01-16.wav,7,2,1,1,16,disgust,f,7_f,val
03-01-07-02-01-02-16.wav,7,2,1,2,16,disgust,f,7_f,test
03-01-07-02-02-01-16.wav,7,2,2,1,16,disgust,f,7_f,train
03-01-07-02-02-02-16.wav,7,2,2,2,16,disgust,f,7_f,train
03-01-08-01-01-01-16.wav,8,1,1,1,16,surprised,f,8_f,train
03-01-08-01-01-02-16.wav,8,1,1,2,16,surprised,f,8_f,val
03-01-08-01-02-01-16.wav,8,1,2,1,16,surprised,f,8_f,test
03-01-08-01-02-02-16.wav,8,1,2,2,16,surprised,f,8_f,train
03-01-08-02-01-01-16.wav,8,2,1,1,16,surprised,f,8_f,test
03-01-08-02-01-02-16.wav,8,2,1,2,16,surprised,f,8_f,train
03-01-08-02-02-01-16.wav,8,2,2,1,16,surprised,f,8_f,train
03-01-08-02-02-02-16.wav,8,2,2,2,16,surprised,f,8_f,train
03-01-01-01-01-01-17.wav,1,1,1,1,17,baseline,m,1_m,val
03-01-01-01-01-02-17.wav,1,1,1,2,17,baseline,m,1_m,train
03-01-01-01-02-01-17.wav,1,1,2,1,17,baseline,m,1_m,train
03-01-01-01-02-02-17.wav,1,1,2,2,17,baseline,m,1_m,train
03-01-02-01-01-01-17.wav,2,1,1,1,17,baseline,m,2_m,train
03-01-02-01-01-02-17.wav,2,1,1,2,17,baseline,m,2_m,test
03-01-02-01-02-01-17.wav,2,1,2,1,17,baseline,m,2_m,train
03-01-02-01-02-02-17.wav,2,1,2,2,17,baseline,m,2_m,train
03-01-02-02-01-01-17.wav,2,2,1,1,17,baseline,m,2_m,train
03-01-02-02-01-02-17.wav,2,2,1,2,17,baseline,m,2_m,test
03-01-02-02-02-01-17.wav,2,2,2,1,17,baseline,m,2_m,train
03-01-02-02-02-02-17.wav,2,2,2,2,17,baseline,m,2_m,train
03-01-03-01-01-01-17.wav,3,1,1,1,17,happy,m,3_m,train
03-01-03-01-01-02-17.wav,3,1,1,2,17,happy,m,3_m,train
03-01-03-01-02-01-17.wav,3,1,2,1,17,happy,m,3_m,test
03-01-03-01-02-02-17.wav,3,1,2,2,17,happy,m,3_m,train
03-01-03-02-01-01-17.wav,3,2,1,1,17,happy,m,3_m,test
03-01-03-02-01-02-17.wav,3,2,1,2,17,happy,m,3_m,train
03-01-03-02-02-01-17.wav,3,2,2,1,17,happy,m,3_m,train
03-01-03-02-02-02-17.wav,3,2,2,2,17,happy,m,3_m,train
03-01-04-01-01-01-17.wav,4,1,1,1,17,sad,m,4_m,train
03-01-04-01-01-02-17.wav,4,1,1,2,17,sad,m,4_m,train
03-01-04-01-02-01-17.wav,4,1,2,1,17,sad,m,4_m,val
03-01-04-01-02-02-17.wav,4,1,2,2,17,sad,m,4_m,train
03-01-04-02-01-01-17.wav,4,2,1,1,17,sad,m,4_m,val
03-01-04-02-01-02-17.wav,4,2,1,2,17,sad,m,4_m,train
03-01-04-02-02-01-17.wav,4,2,2,1,17,sad,m,4_m,test
03-01-04-02-02-02-17.wav,4,2,2,2,17,sad,m,4_m,train
03-01-05-01-01-01-17.wav,5,1,1,1,17,angry,m,5_m,train
03-01-05-01-01-02-17.wav,5,1,1,2,17,angry,m,5_m,train
03-01-05-01-02-01-17.wav,5,1,2,1,17,angry,m,5_m,train
03-01-05-01-02-02-17.wav,5,1,2,2,17,angry,m,5_m,train
03-01-05-02-01-01-17.wav,5,2,1,1,17,angry,m,5_m,train
03-01-05-02-01-02-17.wav,5,2,1,2,17,angry,m,5_m,test
03-01-05-02-02-01-17.wav,5,2,2,1,17,angry,m,5_m,val
03-01-05-02-02-02-17.wav,5,2,2,2,17,angry,m,5_m,train
03-01-06-01-01-01-17.wav,6,1,1,1,17,fearful,m,6_m,train
03-01-06-01-01-02-17.wav,6,1,1,2,17,fearful,m,6_m,train
03-01-06-01-02-01-17.wav,6,1,2,1,17,fearful,m,6_m,val
03-01-06-01-02-02-17.wav,6,1,2,2,17,fearful,m,6_m,train
03-01-06-02-01-01-17.wav,6,2,1,1,17,fearful,m,6_m,train
03-01-06-02-01-02-17.wav,6,2,1,2,17,fearful,m,6_m,val
03-01-06-02-02-01-17.wav,6,2,2,1,17,fearful,m,6_m,train
03-01-06-02-02-02-17.wav,6,2,2,2,17,fearful,m,6_m,test
03-01-07-01-01-01-17.wav,7,1,1,1,17,disgust,m,7_m,train
03-01-07-01-01-02-17.wav,7,1,1,2,17,disgust,m,7_m,test
03-01-07-01-02-01-17.wav,7,1,2,1,17,disgust,m,7_m,train
03-01-07-01-02-02-17.wav,7,1,2,2,17,disgust,m,7_m,train
03-01-07-02-01-01-17.wav,7,2,1,1,17,disgust,m,7_m,val
03-01-07-02-01-02-17.wav,7,2,1,2,17,disgust,m,7_m,train
03-01-07-02-02-01-17.wav,7,2,2,1,17,disgust,m,7_m,train
03-01-07-02-02-02-17.wav,7,2,2,2,17,disgust,m,7_m,train
03-01-08-01-01-01-17.wav,8,1,1,1,17,surprised,m,8_m,train
03-01-08-01-01-02-17.wav,8,1,1,2,17,surprised,m,8_m,train
03-01-08-01-02-01-17.wav,8,1,2,1,17,surprised,m,8_m,train
03-01-08-01-02-02-17.wav,8,1,2,2,17,surprised,m,8_m,train
03-01-08-02-01-01-17.wav,8,2,1,1,17,surprised,m,8_m,train
03-01-08-02-01-02-17.wav,8,2,1,2,17,surprised,m,8_m,test
03-01-08-02-02-01-17.wav,8,2,2,1,17,surprised,m,8_m,train
03-01-08-02-02-02-17.wav,8,2,2,2,17,surprised,m,8_m,train
03-01-01-01-01-01-18.wav,1,1,1,1,18,baseline,f,1_f,val
03-01-01-01-01-02-18.wav,1,1,1,2,18,baseline,f,1_f,val
03-01-01-01-02-01-18.wav,1,1,2,1,18,baseline,f,1_f,train
03-01-01-01-02-02-18.wav,1,1,2,2,18,baseline,f,1_f,test
03-01-02-01-01-01-18.wav,2,1,1,1,18,baseline,f,2_f,train
03-01-02-01-01-02-18.wav,2,1,1,2,18,baseline,f,2_f,train
03-01-02-01-02-01-18.wav,2,1,2,1,18,baseline,f,2_f,val
03-01-02-01-02-02-18.wav,2,1,2,2,18,baseline,f,2_f,train
03-01-02-02-01-01-18.wav,2,2,1,1,18,baseline,f,2_f,train
03-01-02-02-01-02-18.wav,2,2,1,2,18,baseline,f,2_f,train
03-01-02-02-02-01-18.wav,2,2,2,1,18,baseline,f,2_f,train
03-01-02-02-02-02-18.wav,2,2,2,2,18,baseline,f,2_f,val
03-01-03-01-01-01-18.wav,3,1,1,1,18,happy,f,3_f,train
03-01-03-01-01-02-18.wav,3,1,1,2,18,happy,f,3_f,train
03-01-03-01-02-01-18.wav,3,1,2,1,18,happy,f,3_f,train
03-01-03-01-02-02-18.wav,3,1,2,2,18,happy,f,3_f,train
03-01-03-02-01-01-18.wav,3,2,1,1,18,happy,f,3_f,train
03-01-03-02-01-02-18.wav,3,2,1,2,18,happy,f,3_f,train
03-01-03-02-02-01-18.wav,3,2,2,1,18,happy,f,3_f,train
03-01-03-02-02-02-18.wav,3,2,2,2,18,happy,f,3_f,train
03-01-04-01-01-01-18.wav,4,1,1,1,18,sad,f,4_f,train
03-01-04-01-01-02-18.wav,4,1,1,2,18,sad,f,4_f,train
03-01-04-01-02-01-18.wav,4,1,2,1,18,sad,f,4_f,train
03-01-04-01-02-02-18.wav,4,1,2,2,18,sad,f,4_f,train
03-01-04-02-01-01-18.wav,4,2,1,1,18,sad,f,4_f,train
03-01-04-02-01-02-18.wav,4,2,1,2,18,sad,f,4_f,train
03-01-04-02-02-01-18.wav,4,2,2,1,18,sad,f,4_f,train
03-01-04-02-02-02-18.wav,4,2,2,2,18,sad,f,4_f,train
03-01-05-01-01-01-18.wav,5,1,1,1,18,angry,f,5_f,train
03-01-05-01-01-02-18.wav,5,1,1,2,18,angry,f,5_f,train
03-01-05-01-02-01-18.wav,5,1,2,1,18,angry,f,5_f,train
03-01-05-01-02-02-18.wav,5,1,2,2,18,angry,f,5_f,train
03-01-05-02-01-01-18.wav,5,2,1,1,18,angry,f,5_f,train
03-01-05-02-01-02-18.wav,5,2,1,2,18,angry,f,5_f,val
03-01-05-02-02-01-18.wav,5,2,2,1,18,angry,f,5_f,train
03-01-05-02-02-02-18.wav,5,2,2,2,18,angry,f,5_f,train
03-01-06-01-01-01-18.wav,6,1,1,1,18,fearful,f,6_f,train
03-01-06-01-01-02-18.wav,6,1,1,2,18,fearful,f,6_f,train
03-01-06-01-02-01-18.wav,6,1,2,1,18,fearful,f,6_f,train
03-01-06-01-02-02-18.wav,6,1,2,2,18,fearful,f,6_f,train
03-01-06-02-01-01-18.wav,6,2,1,1,18,fearful,f,6_f,train
03-01-06-02-01-02-18.wav,6,2,1,2,18,fearful,f,6_f,val
03-01-06-02-02-01-18.wav,6,2,2,1,18,fearful,f,6_f,test
03-01-06-02-02-02-18.wav,6,2,2,2,18,fearful,f,6_f,train
03-01-07-01-01-01-18.wav,7,1,1,1,18,disgust,f,7_f,train
03-01-07-01-01-02-18.wav,7,1,1,2,18,disgust,f,7_f,train
03-01-07-01-02-01-18.wav,7,1,2,1,18,disgust,f,7_f,train
03-01-07-01-02-02-18.wav,7,1,2,2,18,disgust,f,7_f,test
03-01-07-02-01-01-18.wav,7,2,1,1,18,disgust,f,7_f,train
03-01-07-02-01-02-18.wav,7,2,1,2,18,disgust,f,7_f,train
03-01-07-02-02-01-18.wav,7,2,2,1,18,disgust,f,7_f,train
03-01-07-02-02-02-18.wav,7,2,2,2,18,disgust,f,7_f,train
03-01-08-01-01-01-18.wav,8,1,1,1,18,surprised,f,8_f,val
03-01-08-01-01-02-18.wav,8,1,1,2,18,surprised,f,8_f,train
03-01-08-01-02-01-18.wav,8,1,2,1,18,surprised,f,8_f,train
03-01-08-01-02-02-18.wav,8,1,2,2,18,surprised,f,8_f,train
03-01-08-02-01-01-18.wav,8,2,1,1,18,surprised,f,8_f,train
03-01-08-02-01-02-18.wav,8,2,1,2,18,surprised,f,8_f,test
03-01-08-02-02-01-18.wav,8,2,2,1,18,surprised,f,8_f,test
03-01-08-02-02-02-18.wav,8,2,2,2,18,surprised,f,8_f,train
03-01-01-01-01-01-19.wav,1,1,1,1,19,baseline,m,1_m,test
03-01-01-01-01-02-19.wav,1,1,1,2,19,baseline,m,1_m,train
03-01-01-01-02-01-19.wav,1,1,2,1,19,baseline,m,1_m,train
03-01-01-01-02-02-19.wav,1,1,2,2,19,baseline,m,1_m,train
03-01-02-01-01-01-19.wav,2,1,1,1,19,baseline,m,2_m,train
03-01-02-01-01-02-19.wav,2,1,1,2,19,baseline,m,2_m,train
03-01-02-01-02-01-19.wav,2,1,2,1,19,baseline,m,2_m,train
03-01-02-01-02-02-19.wav,2,1,2,2,19,baseline,m,2_m,train
03-01-02-02-01-01-19.wav,2,2,1,1,19,baseline,m,2_m,test
03-01-02-02-01-02-19.wav,2,2,1,2,19,baseline,m,2_m,val
03-01-02-02-02-01-19.wav,2,2,2,1,19,baseline,m,2_m,train
03-01-02-02-02-02-19.wav,2,2,2,2,19,baseline,m,2_m,train
03-01-03-01-01-01-19.wav,3,1,1,1,19,happy,m,3_m,train
03-01-03-01-01-02-19.wav,3,1,1,2,19,happy,m,3_m,train
03-01-03-01-02-01-19.wav,3,1,2,1,19,happy,m,3_m,val
03-01-03-01-02-02-19.wav,3,1,2,2,19,happy,m,3_m,train
03-01-03-02-01-01-19.wav,3,2,1,1,19,happy,m,3_m,train
03-01-03-02-01-02-19.wav,3,2,1,2,19,happy,m,3_m,test
03-01-03-02-02-01-19.wav,3,2,2,1,19,happy,m,3_m,val
03-01-03-02-02-02-19.wav,3,2,2,2,19,happy,m,3_m,train
03-01-04-01-01-01-19.wav,4,1,1,1,19,sad,m,4_m,train
03-01-04-01-01-02-19.wav,4,1,1,2,19,sad,m,4_m,train
03-01-04-01-02-01-19.wav,4,1,2,1,19,sad,m,4_m,val
03-01-04-01-02-02-19.wav,4,1,2,2,19,sad,m,4_m,train
03-01-04-02-01-01-19.wav,4,2,1,1,19,sad,m,4_m,train
03-01-04-02-01-02-19.wav,4,2,1,2,19,sad,m,4_m,train
03-01-04-02-02-01-19.wav,4,2,2,1,19,sad,m,4_m,train
03-01-04-02-02-02-19.wav,4,2,2,2,19,sad,m,4_m,val
03-01-05-01-01-01-19.wav,5,1,1,1,19,angry,m,5_m,train
03-01-05-01-01-02-19.wav,5,1,1,2,19,angry,m,5_m,val
03-01-05-01-02-01-19.wav,5,1,2,1,19,angry,m,5_m,train
03-01-05-01-02-02-19.wav,5,1,2,2,19,angry,m,5_m,train
03-01-05-02-01-01-19.wav,5,2,1,1,19,angry,m,5_m,train
03-01-05-02-01-02-19.wav,5,2,1,2,19,angry,m,5_m,val
03-01-05-02-02-01-19.wav,5,2,2,1,19,angry,m,5_m,train
03-01-05-02-02-02-19.wav,5,2,2,2,19,angry,m,5_m,val
03-01-06-01-01-01-19.wav,6,1,1,1,19,fearful,m,6_m,train
03-01-06-01-01-02-19.wav,6,1,1,2,19,fearful,m,6_m,test
03-01-06-01-02-01-19.wav,6,1,2,1,19,fearful,m,6_m,train
03-01-06-01-02-02-19.wav,6,1,2,2,19,fearful,m,6_m,train
03-01-06-02-01-01-19.wav,6,2,1,1,19,fearful,m,6_m,test
03-01-06-02-01-02-19.wav,6,2,1,2,19,fearful,m,6_m,train
03-01-06-02-02-01-19.wav,6,2,2,1,19,fearful,m,6_m,train
03-01-06-02-02-02-19.wav,6,2,2,2,19,fearful,m,6_m,train
03-01-07-01-01-01-19.wav,7,1,1,1,19,disgust,m,7_m,train
03-01-07-01-01-02-19.wav,7,1,1,2,19,disgust,m,7_m,train
03-01-07-01-02-01-19.wav,7,1,2,1,19,disgust,m,7_m,train
03-01-07-01-02-02-19.wav,7,1,2,2,19,disgust,m,7_m,test
03-01-07-02-01-01-19.wav,7,2,1,1,19,disgust,m,7_m,test
03-01-07-02-01-02-19.wav,7,2,1,2,19,disgust,m,7_m,train
03-01-07-02-02-01-19.wav,7,2,2,1,19,disgust,m,7_m,train
03-01-07-02-02-02-19.wav,7,2,2,2,19,disgust,m,7_m,train
03-01-08-01-01-01-19.wav,8,1,1,1,19,surprised,m,8_m,val
03-01-08-01-01-02-19.wav,8,1,1,2,19,surprised,m,8_m,val
03-01-08-01-02-01-19.wav,8,1,2,1,19,surprised,m,8_m,test
03-01-08-01-02-02-19.wav,8,1,2,2,19,surprised,m,8_m,train
03-01-08-02-01-01-19.wav,8,2,1,1,19,surprised,m,8_m,train
03-01-08-02-01-02-19.wav,8,2,1,2,19,surprised,m,8_m,train
03-01-08-02-02-01-19.wav,8,2,2,1,19,surprised,m,8_m,train
03-01-08-02-02-02-19.wav,8,2,2,2,19,surprised,m,8_m,train
03-01-01-01-01-01-20.wav,1,1,1,1,20,baseline,f,1_f,test
03-01-01-01-01-02-20.wav,1,1,1,2,20,baseline,f,1_f,train
03-01-01-01-02-01-20.wav,1,1,2,1,20,baseline,f,1_f,train
03-01-01-01-02-02-20.wav,1,1,2,2,20,baseline,f,1_f,test
03-01-02-01-01-01-20.wav,2,1,1,1,20,baseline,f,2_f,train
03-01-02-01-01-02-20.wav,2,1,1,2,20,baseline,f,2_f,test
03-01-02-01-02-01-20.wav,2,1,2,1,20,baseline,f,2_f,train
03-01-02-01-02-02-20.wav,2,1,2,2,20,baseline,f,2_f,test
03-01-02-02-01-01-20.wav,2,2,1,1,20,baseline,f,2_f,train
03-01-02-02-01-02-20.wav,2,2,1,2,20,baseline,f,2_f,val
03-01-02-02-02-01-20.wav,2,2,2,1,20,baseline,f,2_f,val
03-01-02-02-02-02-20.wav,2,2,2,2,20,baseline,f,2_f,train
03-01-03-01-01-01-20.wav,3,1,1,1,20,happy,f,3_f,train
03-01-03-01-01-02-20.wav,3,1,1,2,20,happy,f,3_f,train
03-01-03-01-02-01-20.wav,3,1,2,1,20,happy,f,3_f,test
03-01-03-01-02-02-20.wav,3,1,2,2,20,happy,f,3_f,train
03-01-03-02-01-01-20.wav,3,2,1,1,20,happy,f,3_f,train
03-01-03-02-01-02-20.wav,3,2,1,2,20,happy,f,3_f,train
03-01-03-02-02-01-20.wav,3,2,2,1,20,happy,f,3_f,train
03-01-03-02-02-02-20.wav,3,2,2,2,20,happy,f,3_f,train
03-01-04-01-01-01-20.wav,4,1,1,1,20,sad,f,4_f,train
03-01-04-01-01-02-20.wav,4,1,1,2,20,sad,f,4_f,train
03-01-04-01-02-01-20.wav,4,1,2,1,20,sad,f,4_f,val
03-01-04-01-02-02-20.wav,4,1,2,2,20,sad,f,4_f,val
03-01-04-02-01-01-20.wav,4,2,1,1,20,sad,f,4_f,train
03-01-04-02-01-02-20.wav,4,2,1,2,20,sad,f,4_f,val
03-01-04-02-02-01-20.wav,4,2,2,1,20,sad,f,4_f,train
03-01-04-02-02-02-20.wav,4,2,2,2,20,sad,f,4_f,train
03-01-05-01-01-01-20.wav,5,1,1,1,20,angry,f,5_f,train
03-01-05-01-01-02-20.wav,5,1,1,2,20,angry,f,5_f,test
03-01-05-01-02-01-20.wav,5,1,2,1,20,angry,f,5_f,train
03-01-05-01-02-02-20.wav,5,1,2,2,20,angry,f,5_f,train
03-01-05-02-01-01-20.wav,5,2,1,1,20,angry,f,5_f,train
03-01-05-02-01-02-20.wav,5,2,1,2,20,angry,f,5_f,test
03-01-05-02-02-01-20.wav,5,2,2,1,20,angry,f,5_f,train
03-01-05-02-02-02-20.wav,5,2,2,2,20,angry,f,5_f,val
03-01-06-01-01-01-20.wav,6,1,1,1,20,fearful,f,6_f,test
03-01-06-01-01-02-20.wav,6,1,1,2,20,fearful,f,6_f,val
03-01-06-01-02-01-20.wav,6,1,2,1,20,fearful,f,6_f,train
03-01-06-01-02-02-20.wav,6,1,2,2,20,fearful,f,6_f,train
03-01-06-02-01-01-20.wav,6,2,1,1,20,fearful,f,6_f,train
03-01-06-02-01-02-20.wav,6,2,1,2,20,fearful,f,6_f,train
03-01-06-02-02-01-20.wav,6,2,2,1,20,fearful,f,6_f,val
03-01-06-02-02-02-20.wav,6,2,2,2,20,fearful,f,6_f,val
03-01-07-01-01-01-20.wav,7,1,1,1,20,disgust,f,7_f,train
03-01-07-01-01-02-20.wav,7,1,1,2,20,disgust,f,7_f,train
03-01-07-01-02-01-20.wav,7,1,2,1,20,disgust,f,7_f,train
03-01-07-01-02-02-20.wav,7,1,2,2,20,disgust,f,7_f,train
03-01-07-02-01-01-20.wav,7,2,1,1,20,disgust,f,7_f,val
03-01-07-02-01-02-20.wav,7,2,1,2,20,disgust,f,7_f,train
03-01-07-02-02-01-20.wav,7,2,2,1,20,disgust,f,7_f,train
03-01-07-02-02-02-20.wav,7,2,2,2,20,disgust,f,7_f,test
03-01-08-01-01-01-20.wav,8,1,1,1,20,surprised,f,8_f,val
03-01-08-01-01-02-20.wav,8,1,1,2,20,surprised,f,8_f,val
03-01-08-01-02-01-20.wav,8,1,2,1,20,surprised,f,8_f,train
03-01-08-01-02-02-20.wav,8,1,2,2,20,surprised,f,8_f,train
03-01-08-02-01-01-20.wav,8,2,1,1,20,surprised,f,8_f,train
03-01-08-02-01-02-20.wav,8,2,1,2,20,surprised,f,8_f,train
03-01-08-02-02-01-20.wav,8,2,2,1,20,surprised,f,8_f,train
03-01-08-02-02-02-20.wav,8,2,2,2,20,surprised,f,8_f,val
03-01-01-01-01-01-21.wav,1,1,1,1,21,baseline,m,1_m,train
03-01-01-01-01-02-21.wav,1,1,1,2,21,baseline,m,1_m,train
03-01-01-01-02-01-21.wav,1,1,2,1,21,baseline,m,1_m,train
03-01-01-01-02-02-21.wav,1,1,2,2,21,baseline,m,1_m,train
03-01-02-01-01-01-21.wav,2,1,1,1,21,baseline,m,2_m,train
03-01-02-01-01-02-21.wav,2,1,1,2,21,baseline,m,2_m,train
03-01-02-01-02-01-21.wav,2,1,2,1,21,baseline,m,2_m,train
03-01-02-01-02-02-21.wav,2,1,2,2,21,baseline,m,2_m,train
03-01-02-02-01-01-21.wav,2,2,1,1,21,baseline,m,2_m,val
03-01-02-02-01-02-21.wav,2,2,1,2,21,baseline,m,2_m,train
03-01-02-02-02-01-21.wav,2,2,2,1,21,baseline,m,2_m,train
03-01-02-02-02-02-21.wav,2,2,2,2,21,baseline,m,2_m,train
03-01-03-01-01-01-21.wav,3,1,1,1,21,happy,m,3_m,test
03-01-03-01-01-02-21.wav,3,1,1,2,21,happy,m,3_m,train
03-01-03-01-02-01-21.wav,3,1,2,1,21,happy,m,3_m,test
03-01-03-01-02-02-21.wav,3,1,2,2,21,happy,m,3_m,train
03-01-03-02-01-01-21.wav,3,2,1,1,21,happy,m,3_m,train
03-01-03-02-01-02-21.wav,3,2,1,2,21,happy,m,3_m,test
03-01-03-02-02-01-21.wav,3,2,2,1,21,happy,m,3_m,test
03-01-03-02-02-02-21.wav,3,2,2,2,21,happy,m,3_m,train
03-01-04-01-01-01-21.wav,4,1,1,1,21,sad,m,4_m,train
03-01-04-01-01-02-21.wav,4,1,1,2,21,sad,m,4_m,test
03-01-04-01-02-01-21.wav,4,1,2,1,21,sad,m,4_m,train
03-01-04-01-02-02-21.wav,4,1,2,2,21,sad,m,4_m,train
03-01-04-02-01-01-21.wav,4,2,1,1,21,sad,m,4_m,train
03-01-04-02-01-02-21.wav,4,2,1,2,21,sad,m,4_m,train
03-01-04-02-02-01-21.wav,4,2,2,1,21,sad,m,4_m,train
03-01-04-02-02-02-21.wav,4,2,2,2,21,sad,m,4_m,val
03-01-05-01-01-01-21.wav,5,1,1,1,21,angry,m,5_m,train
03-01-05-01-01-02-21.wav,5,1,1,2,21,angry,m,5_m,train
03-01-05-01-02-01-21.wav,5,1,2,1,21,angry,m,5_m,train
03-01-05-01-02-02-21.wav,5,1,2,2,21,angry,m,5_m,test
03-01-05-02-01-01-21.wav,5,2,1,1,21,angry,m,5_m,test
03-01-05-02-01-02-21.wav,5,2,1,2,21,angry,m,5_m,train
03-01-05-02-02-01-21.wav,5,2,2,1,21,angry,m,5_m,test
03-01-05-02-02-02-21.wav,5,2,2,2,21,angry,m,5_m,train
03-01-06-01-01-01-21.wav,6,1,1,1,21,fearful,m,6_m,val
03-01-06-01-01-02-21.wav,6,1,1,2,21,fearful,m,6_m,train
03-01-06-01-02-01-21.wav,6,1,2,1,21,fearful,m,6_m,train
03-01-06-01-02-02-21.wav,6,1,2,2,21,fearful,m,6_m,train
03-01-06-02-01-01-21.wav,6,2,1,1,21,fearful,m,6_m,train
03-01-06-02-01-02-21.wav,6,2,1,2,21,fearful,m,6_m,train
03-01-06-02-02-01-21.wav,6,2,2,1,21,fearful,m,6_m,train
03-01-06-02-02-02-21.wav,6,2,2,2,21,fearful,m,6_m,train
03-01-07-01-01-01-21.wav,7,1,1,1,21,disgust,m,7_m,train
03-01-07-01-01-02-21.wav,7,1,1,2,21,disgust,m,7_m,val
03-01-07-01-02-01-21.wav,7,1,2,1,21,disgust,m,7_m,train
03-01-07-01-02-02-21.wav,7,1,2,2,21,disgust,m,7_m,train
03-01-07-02-01-01-21.wav,7,2,1,1,21,disgust,m,7_m,train
03-01-07-02-01-02-21.wav,7,2,1,2,21,disgust,m,7_m,test
03-01-07-02-02-01-21.wav,7,2,2,1,21,disgust,m,7_m,train
03-01-07-02-02-02-21.wav,7,2,2,2,21,disgust,m,7_m,train
03-01-08-01-01-01-21.wav,8,1,1,1,21,surprised,m,8_m,train
03-01-08-01-01-02-21.wav,8,1,1,2,21,surprised,m,8_m,val
03-01-08-01-02-01-21.wav,8,1,2,1,21,surprised,m,8_m,train
03-01-08-01-02-02-21.wav,8,1,2,2,21,surprised,m,8_m,train
03-01-08-02-01-01-21.wav,8,2,1,1,21,surprised,m,8_m,test
03-01-08-02-01-02-21.wav,8,2,1,2,21,surprised,m,8_m,val
03-01-08-02-02-01-21.wav,8,2,2,1,21,surprised,m,8_m,train
03-01-08-02-02-02-21.wav,8,2,2,2,21,surprised,m,8_m,train
03-01-01-01-01-01-22.wav,1,1,1,1,22,baseline,f,1_f,train
03-01-01-01-01-02-22.wav,1,1,1,2,22,baseline,f,1_f,train
03-01-01-01-02-01-22.wav,1,1,2,1,22,baseline,f,1_f,train
03-01-01-01-02-02-22.wav,1,1,2,2,22,baseline,f,1_f,val
03-01-02-01-01-01-22.wav,2,1,1,1,22,baseline,f,2_f,train
03-01-02-01-01-02-22.wav,2,1,1,2,22,baseline,f,2_f,train
03-01-02-01-02-01-22.wav,2,1,2,1,22,baseline,f,2_f,train
03-01-02-01-02-02-22.wav,2,1,2,2,22,baseline,f,2_f,train
03-01-02-02-01-01-22.wav,2,2,1,1,22,baseline,f,2_f,train
03-01-02-02-01-02-22.wav,2,2,1,2,22,baseline,f,2_f,train
03-01-02-02-02-01-22.wav,2,2,2,1,22,baseline,f,2_f,val
03-01-02-02-02-02-22.wav,2,2,2,2,22,baseline,f,2_f,train
03-01-03-01-01-01-22.wav,3,1,1,1,22,happy,f,3_f,train
03-01-03-01-01-02-22.wav,3,1,1,2,22,happy,f,3_f,val
03-01-03-01-02-01-22.wav,3,1,2,1,22,happy,f,3_f,train
03-01-03-01-02-02-22.wav,3,1,2,2,22,happy,f,3_f,train
03-01-03-02-01-01-22.wav,3,2,1,1,22,happy,f,3_f,train
03-01-03-02-01-02-22.wav,3,2,1,2,22,happy,f,3_f,train
03-01-03-02-02-01-22.wav,3,2,2,1,22,happy,f,3_f,train
03-01-03-02-02-02-22.wav,3,2,2,2,22,happy,f,3_f,train
03-01-04-01-01-01-22.wav,4,1,1,1,22,sad,f,4_f,train
03-01-04-01-01-02-22.wav,4,1,1,2,22,sad,f,4_f,train
03-01-04-01-02-01-22.wav,4,1,2,1,22,sad,f,4_f,train
03-01-04-01-02-02-22.wav,4,1,2,2,22,sad,f,4_f,train
03-01-04-02-01-01-22.wav,4,2,1,1,22,sad,f,4_f,test
03-01-04-02-01-02-22.wav,4,2,1,2,22,sad,f,4_f,train
03-01-04-02-02-01-22.wav,4,2,2,1,22,sad,f,4_f,train
03-01-04-02-02-02-22.wav,4,2,2,2,22,sad,f,4_f,train
03-01-05-01-01-01-22.wav,5,1,1,1,22,angry,f,5_f,train
03-01-05-01-01-02-22.wav,5,1,1,2,22,angry,f,5_f,train
03-01-05-01-02-01-22.wav,5,1,2,1,22,angry,f,5_f,val
03-01-05-01-02-02-22.wav,5,1,2,2,22,angry,f,5_f,train
03-01-05-02-01-01-22.wav,5,2,1,1,22,angry,f,5_f,train
03-01-05-02-01-02-22.wav,5,2,1,2,22,angry,f,5_f,train
03-01-05-02-02-01-22.wav,5,2,2,1,22,angry,f,5_f,train
03-01-05-02-02-02-22.wav,5,2,2,2,22,angry,f,5_f,val
03-01-06-01-01-01-22.wav,6,1,1,1,22,fearful,f,6_f,train
03-01-06-01-01-02-22.wav,6,1,1,2,22,fearful,f,6_f,train
03-01-06-01-02-01-22.wav,6,1,2,1,22,fearful,f,6_f,test
03-01-06-01-02-02-22.wav,6,1,2,2,22,fearful,f,6_f,train
03-01-06-02-01-01-22.wav,6,2,1,1,22,fearful,f,6_f,train
03-01-06-02-01-02-22.wav,6,2,1,2,22,fearful,f,6_f,train
03-01-06-02-02-01-22.wav,6,2,2,1,22,fearful,f,6_f,val
03-01-06-02-02-02-22.wav,6,2,2,2,22,fearful,f,6_f,train
03-01-07-01-01-01-22.wav,7,1,1,1,22,disgust,f,7_f,train
03-01-07-01-01-02-22.wav,7,1,1,2,22,disgust,f,7_f,train
03-01-07-01-02-01-22.wav,7,1,2,1,22,disgust,f,7_f,val
03-01-07-01-02-02-22.wav,7,1,2,2,22,disgust,f,7_f,train
03-01-07-02-01-01-22.wav,7,2,1,1,22,disgust,f,7_f,train
03-01-07-02-01-02-22.wav,7,2,1,2,22,disgust,f,7_f,val
03-01-07-02-02-01-22.wav,7,2,2,1,22,disgust,f,7_f,train
03-01-07-02-02-02-22.wav,7,2,2,2,22,disgust,f,7_f,train
03-01-08-01-01-01-22.wav,8,1,1,1,22,surprised,f,8_f,train
03-01-08-01-01-02-22.wav,8,1,1,2,22,surprised,f,8_f,train
03-01-08-01-02-01-22.wav,8,1,2,1,22,surprised,f,8_f,val
03-01-08-01-02-02-22.wav,8,1,2,2,22,surprised,f,8_f,train
03-01-08-02-01-01-22.wav,8,2,1,1,22,surprised,f,8_f,train
03-01-08-02-01-02-22.wav,8,2,1,2,22,surprised,f,8_f,train
03-01-08-02-02-01-22.wav,8,2,2,1,22,surprised,f,8_f,train
03-01-08-02-02-02-22.wav,8,2,2,2,22,surprised,f,8_f,train
03-01-01-01-01-01-23.wav,1,1,1,1,23,baseline,m,1_m,val
03-01-01-01-01-02-23.wav,1,1,1,2,23,baseline,m,1_m,test
03-01-01-01-02-01-23.wav,1,1,2,1,23,baseline,m,1_m,train
03-01-01-01-02-02-23.wav,1,1,2,2,23,baseline,m,1_m,train
03-01-02-01-01-01-23.wav,2,1,1,1,23,baseline,m,2_m,test
03-01-02-01-01-02-23.wav,2,1,1,2,23,baseline,m,2_m,train
03-01-02-01-02-01-23.wav,2,1,2,1,23,baseline,m,2_m,val
03-01-02-01-02-02-23.wav,2,1,2,2,23,baseline,m,2_m,train
03-01-02-02-01-01-23.wav,2,2,1,1,23,baseline,m,2_m,val
03-01-02-02-01-02-23.wav,2,2,1,2,23,baseline,m,2_m,val
03-01-02-02-02-01-23.wav,2,2,2,1,23,baseline,m,2_m,train
03-01-02-02-02-02-23.wav,2,2,2,2,23,baseline,m,2_m,train
03-01-03-01-01-01-23.wav,3,1,1,1,23,happy,m,3_m,train
03-01-03-01-01-02-23.wav,3,1,1,2,23,happy,m,3_m,train
03-01-03-01-02-01-23.wav,3,1,2,1,23,happy,m,3_m,train
03-01-03-01-02-02-23.wav,3,1,2,2,23,happy,m,3_m,val
03-01-03-02-01-01-23.wav,3,2,1,1,23,happy,m,3_m,train
03-01-03-02-01-02-23.wav,3,2,1,2,23,happy,m,3_m,val
03-01-03-02-02-01-23.wav,3,2,2,1,23,happy,m,3_m,val
03-01-03-02-02-02-23.wav,3,2,2,2,23,happy,m,3_m,train
03-01-04-01-01-01-23.wav,4,1,1,1,23,sad,m,4_m,test
03-01-04-01-01-02-23.wav,4,1,1,2,23,sad,m,4_m,test
03-01-04-01-02-01-23.wav,4,1,2,1,23,sad,m,4_m,train
03-01-04-01-02-02-23.wav,4,1,2,2,23,sad,m,4_m,train
03-01-04-02-01-01-23.wav,4,2,1,1,23,sad,m,4_m,train
03-01-04-02-01-02-23.wav,4,2,1,2,23,sad,m,4_m,train
03-01-04-02-02-01-23.wav,4,2,2,1,23,sad,m,4_m,train
03-01-04-02-02-02-23.wav,4,2,2,2,23,sad,m,4_m,train
03-01-05-01-01-01-23.wav,5,1,1,1,23,angry,m,5_m,train
03-01-05-01-01-02-23.wav,5,1,1,2,23,angry,m,5_m,train
03-01-05-01-02-01-23.wav,5,1,2,1,23,angry,m,5_m,val
03-01-05-01-02-02-23.wav,5,1,2,2,23,angry,m,5_m,train
03-01-05-02-01-01-23.wav,5,2,1,1,23,angry,m,5_m,test
03-01-05-02-01-02-23.wav,5,2,1,2,23,angry,m,5_m,train
03-01-05-02-02-01-23.wav,5,2,2,1,23,angry,m,5_m,test
03-01-05-02-02-02-23.wav,5,2,2,2,23,angry,m,5_m,test
03-01-06-01-01-01-23.wav,6,1,1,1,23,fearful,m,6_m,val
03-01-06-01-01-02-23.wav,6,1,1,2,23,fearful,m,6_m,train
03-01-06-01-02-01-23.wav,6,1,2,1,23,fearful,m,6_m,train
03-01-06-01-02-02-23.wav,6,1,2,2,23,fearful,m,6_m,train
03-01-06-02-01-01-23.wav,6,2,1,1,23,fearful,m,6_m,train
03-01-06-02-01-02-23.wav,6,2,1,2,23,fearful,m,6_m,train
03-01-06-02-02-01-23.wav,6,2,2,1,23,fearful,m,6_m,test
03-01-06-02-02-02-23.wav,6,2,2,2,23,fearful,m,6_m,train
03-01-07-01-01-01-23.wav,7,1,1,1,23,disgust,m,7_m,train
03-01-07-01-01-02-23.wav,7,1,1,2,23,disgust,m,7_m,train
03-01-07-01-02-01-23.wav,7,1,2,1,23,disgust,m,7_m,train
03-01-07-01-02-02-23.wav,7,1,2,2,23,disgust,m,7_m,val
03-01-07-02-01-01-23.wav,7,2,1,1,23,disgust,m,7_m,val
03-01-07-02-01-02-23.wav,7,2,1,2,23,disgust,m,7_m,train
03-01-07-02-02-01-23.wav,7,2,2,1,23,disgust,m,7_m,train
03-01-07-02-02-02-23.wav,7,2,2,2,23,disgust,m,7_m,val
03-01-08-01-01-01-23.wav,8,1,1,1,23,surprised,m,8_m,train
03-01-08-01-01-02-23.wav,8,1,1,2,23,surprised,m,8_m,train
03-01-08-01-02-01-23.wav,8,1,2,1,23,surprised,m,8_m,val
03-01-08-01-02-02-23.wav,8,1,2,2,23,surprised,m,8_m,test
03-01-08-02-01-01-23.wav,8,2,1,1,23,surprised,m,8_m,val
03-01-08-02-01-02-23.wav,8,2,1,2,23,surprised,m,8_m,train
03-01-08-02-02-01-23.wav,8,2,2,1,23,surprised,m,8_m,train
03-01-08-02-02-02-23.wav,8,2,2,2,23,surprised,m,8_m,train
03-01-01-01-01-01-24.wav,1,1,1,1,24,baseline,f,1_f,val
03-01-01-01-01-02-24.wav,1,1,1,2,24,baseline,f,1_f,train
03-01-01-01-02-01-24.wav,1,1,2,1,24,baseline,f,1_f,train
03-01-01-01-02-02-24.wav,1,1,2,2,24,baseline,f,1_f,train
03-01-02-01-01-01-24.wav,2,1,1,1,24,baseline,f,2_f,train
03-01-02-01-01-02-24.wav,2,1,1,2,24,baseline,f,2_f,test
03-01-02-01-02-01-24.wav,2,1,2,1,24,baseline,f,2_f,train
03-01-02-01-02-02-24.wav,2,1,2,2,24,baseline,f,2_f,train
03-01-02-02-01-01-24.wav,2,2,1,1,24,baseline,f,2_f,train
03-01-02-02-01-02-24.wav,2,2,1,2,24,baseline,f,2_f,train
03-01-02-02-02-01-24.wav,2,2,2,1,24,baseline,f,2_f,test
03-01-02-02-02-02-24.wav,2,2,2,2,24,baseline,f,2_f,val
03-01-03-01-01-01-24.wav,3,1,1,1,24,happy,f,3_f,test
03-01-03-01-01-02-24.wav,3,1,1,2,24,happy,f,3_f,val
03-01-03-01-02-01-24.wav,3,1,2,1,24,happy,f,3_f,train
03-01-03-01-02-02-24.wav,3,1,2,2,24,happy,f,3_f,train
03-01-03-02-01-01-24.wav,3,2,1,1,24,happy,f,3_f,train
03-01-03-02-01-02-24.wav,3,2,1,2,24,happy,f,3_f,val
03-01-03-02-02-01-24.wav,3,2,2,1,24,happy,f,3_f,val
03-01-03-02-02-02-24.wav,3,2,2,2,24,happy,f,3_f,train
03-01-04-01-01-01-24.wav,4,1,1,1,24,sad,f,4_f,test
03-01-04-01-01-02-24.wav,4,1,1,2,24,sad,f,4_f,train
03-01-04-01-02-01-24.wav,4,1,2,1,24,sad,f,4_f,val
03-01-04-01-02-02-24.wav,4,1,2,2,24,sad,f,4_f,train
03-01-04-02-01-01-24.wav,4,2,1,1,24,sad,f,4_f,train
03-01-04-02-01-02-24.wav,4,2,1,2,24,sad,f,4_f,train
03-01-04-02-02-01-24.wav,4,2,2,1,24,sad,f,4_f,train
03-01-04-02-02-02-24.wav,4,2,2,2,24,sad,f,4_f,train
03-01-05-01-01-01-24.wav,5,1,1,1,24,angry,f,5_f,test
03-01-05-01-01-02-24.wav,5,1,1,2,24,angry,f,5_f,train
03-01-05-01-02-01-24.wav,5,1,2,1,24,angry,f,5_f,train
03-01-05-01-02-02-24.wav,5,1,2,2,24,angry,f,5_f,test
03-01-05-02-01-01-24.wav,5,2,1,1,24,angry,f,5_f,train
03-01-05-02-01-02-24.wav,5,2,1,2,24,angry,f,5_f,val
03-01-05-02-02-01-24.wav,5,2,2,1,24,angry,f,5_f,train
03-01-05-02-02-02-24.wav,5,2,2,2,24,angry,f,5_f,train
03-01-06-01-01-01-24.wav,6,1,1,1,24,fearful,f,6_f,train
03-01-06-01-01-02-24.wav,6,1,1,2,24,fearful,f,6_f,train
03-01-06-01-02-01-24.wav,6,1,2,1,24,fearful,f,6_f,train
03-01-06-01-02-02-24.wav,6,1,2,2,24,fearful,f,6_f,train
03-01-06-02-01-01-24.wav,6,2,1,1,24,fearful,f,6_f,test
03-01-06-02-01-02-24.wav,6,2,1,2,24,fearful,f,6_f,train
03-01-06-02-02-01-24.wav,6,2,2,1,24,fearful,f,6_f,train
03-01-06-02-02-02-24.wav,6,2,2,2,24,fearful,f,6_f,val
03-01-07-01-01-01-24.wav,7,1,1,1,24,disgust,f,7_f,train
03-01-07-01-01-02-24.wav,7,1,1,2,24,disgust,f,7_f,test
03-01-07-01-02-01-24.wav,7,1,2,1,24,disgust,f,7_f,train
03-01-07-01-02-02-24.wav,7,1,2,2,24,disgust,f,7_f,train
03-01-07-02-01-01-24.wav,7,2,1,1,24,disgust,f,7_f,train
03-01-07-02-01-02-24.wav,7,2,1,2,24,disgust,f,7_f,train
03-01-07-02-02-01-24.wav,7,2,2,1,24,disgust,f,7_f,train
03-01-07-02-02-02-24.wav,7,2,2,2,24,disgust,f,7_f,train
03-01-08-01-01-01-24.wav,8,1,1,1,24,surprised,f,8_f,test
03-01-08-01-01-02-24.wav,8,1,1,2,24,surprised,f,8_f,train
03-01-08-01-02-01-24.wav,8,1,2,1,24,surprised,f,8_f,val
03-01-08-01-02-02-24.wav,8,1,2,2,24,surprised,f,8_f,train
03-01-08-02-01-01-24.wav,8,2,1,1,24,surprised,f,8_f,train
03-01-08-02-01-02-24.wav,8,2,1,2,24,surprised,f,8_f,train
03-01-08-02-02-01-24.wav,8,2,2,1,24,surprised,f,8_f,train
03-01-08-02-02-02-24.wav,8,2,2,2,24,surprised,f,8_f,test
